cell_id,start_date,end_date,era5_temperature_mean,era5_temperature_min,era5_temperature_max,era5_precipitation_total,era5_wind_speed_mean,era5_wind_speed_max,era5_observation_count,era5_source_lat,era5_source_lon
cell_00_00,2024-03-01,2024-04-01,21.57486832321354,8.88245544433596,36.07598266601565,39.4606408415612,2.507407637498214,7.336053642667507,744,28.5501,77.2504
cell_00_01,2024-03-01,2024-04-01,21.57486832321354,8.88245544433596,36.07598266601565,39.4606408415612,2.507407637498214,7.336053642667507,744,28.5501,77.2504
cell_00_02,2024-03-01,2024-04-01,21.57486832321354,8.88245544433596,36.07598266601565,39.4606408415612,2.507407637498214,7.336053642667507,744,28.5501,77.2504
cell_00_03,2024-03-01,2024-04-01,21.57486832321354,8.88245544433596,36.07598266601565,39.4606408415612,2.507407637498214,7.336053642667507,744,28.5501,77.2504
cell_00_04,2024-03-01,2024-04-01,21.57486832321354,8.88245544433596,36.07598266601565,39.4606408415612,2.507407637498214,7.336053642667507,744,28.5501,77.2504
cell_00_05,2024-03-01,2024-04-01,21.57486832321354,8.88245544433596,36.07598266601565,39.4606408415612,2.507407637498214,7.336053642667507,744,28.5501,77.2504
cell_00_06,2024-03-01,2024-04-01,21.57486832321354,8.88245544433596,36.07598266601565,39.4606408415612,2.507407637498214,7.336053642667507,744,28.5501,77.2504
cell_00_07,2024-03-01,2024-04-01,21.57486832321354,8.88245544433596,36.07598266601565,39.4606408415612,2.507407637498214,7.336053642667507,744,28.5501,77.2504
cell_00_08,2024-03-01,2024-04-01,21.57486832321354,8.88245544433596,36.07598266601565,39.4606408415612,2.507407637498214,7.336053642667507,744,28.5501,77.2504
cell_00_09,2024-03-01,2024-04-01,21.57486832321354,8.88245544433596,36.07598266601565,39.4606408415612,2.507407637498214,7.336053642667507,744,28.5501,77.2504
cell_00_10,2024-03-01,2024-04-01,21.555872607487732,8.98206481933596,36.00371704101565,40.518086844521406,2.502331748963781,7.262026646144573,744,28.5501,77.3504
cell_00_11,2024-03-01,2024-04-01,21.555872607487732,8.98206481933596,36.00371704101565,40.518086844521406,2.502331748963781,7.262026646144573,744,28.5501,77.3504
cell_00_12,2024-03-01,2024-04-01,21.555872607487732,8.98206481933596,36.00371704101565,40.518086844521406,2.502331748963781,7.262026646144573,744,28.5501,77.3504
cell_00_13,2024-03-01,2024-04-01,21.555872607487732,8.98206481933596,36.00371704101565,40.518086844521406,2.502331748963781,7.262026646144573,744,28.5501,77.3504
cell_00_14,2024-03-01,2024-04-01,21.555872607487732,8.98206481933596,36.00371704101565,40.518086844521406,2.502331748963781,7.262026646144573,744,28.5501,77.3504
cell_00_15,2024-03-01,2024-04-01,21.555872607487732,8.98206481933596,36.00371704101565,40.518086844521406,2.502331748963781,7.262026646144573,744,28.5501,77.3504
cell_00_16,2024-03-01,2024-04-01,21.555872607487732,8.98206481933596,36.00371704101565,40.518086844521406,2.502331748963781,7.262026646144573,744,28.5501,77.3504
cell_00_17,2024-03-01,2024-04-01,21.555872607487732,8.98206481933596,36.00371704101565,40.518086844521406,2.502331748963781,7.262026646144573,744,28.5501,77.3504
cell_00_18,2024-03-01,2024-04-01,21.555872607487732,8.98206481933596,36.00371704101565,40.518086844521406,2.502331748963781,7.262026646144573,744,28.5501,77.3504
cell_00_19,2024-03-01,2024-04-01,21.555872607487732,8.98206481933596,36.00371704101565,40.518086844521406,2.502331748963781,7.262026646144573,744,28.5501,77.3504
cell_01_00,2024-03-01,2024-04-01,21.57486832321354,8.88245544433596,36.07598266601565,39.4606408415612,2.507407637498214,7.336053642667507,744,28.5501,77.2504
cell_01_01,2024-03-01,2024-04-01,21.57486832321354,8.88245544433596,36.07598266601565,39.4606408415612,2.507407637498214,7.336053642667507,744,28.5501,77.2504
cell_01_02,2024-03-01,2024-04-01,21.57486832321354,8.88245544433596,36.07598266601565,39.4606408415612,2.507407637498214,7.336053642667507,744,28.5501,77.2504
cell_01_03,2024-03-01,2024-04-01,21.57486832321354,8.88245544433596,36.07598266601565,39.4606408415612,2.507407637498214,7.336053642667507,744,28.5501,77.2504
cell_01_04,2024-03-01,2024-04-01,21.57486832321354,8.88245544433596,36.07598266601565,39.4606408415612,2.507407637498214,7.336053642667507,744,28.5501,77.2504
cell_01_05,2024-03-01,2024-04-01,21.57486832321354,8.88245544433596,36.07598266601565,39.4606408415612,2.507407637498214,7.336053642667507,744,28.5501,77.2504
cell_01_06,2024-03-01,2024-04-01,21.57486832321354,8.88245544433596,36.07598266601565,39.4606408415612,2.507407637498214,7.336053642667507,744,28.5501,77.2504
cell_01_07,2024-03-01,2024-04-01,21.57486832321354,8.88245544433596,36.07598266601565,39.4606408415612,2.507407637498214,7.336053642667507,744,28.5501,77.2504
cell_01_08,2024-03-01,2024-04-01,21.57486832321354,8.88245544433596,36.07598266601565,39.4606408415612,2.507407637498214,7.336053642667507,744,28.5501,77.2504
cell_01_09,2024-03-01,2024-04-01,21.57486832321354,8.88245544433596,36.07598266601565,39.4606408415612,2.507407637498214,7.336053642667507,744,28.5501,77.2504
cell_01_10,2024-03-01,2024-04-01,21.555872607487732,8.98206481933596,36.00371704101565,40.518086844521406,2.502331748963781,7.262026646144573,744,28.5501,77.3504
cell_01_11,2024-03-01,2024-04-01,21.555872607487732,8.98206481933596,36.00371704101565,40.518086844521406,2.502331748963781,7.262026646144573,744,28.5501,77.3504
cell_01_12,2024-03-01,2024-04-01,21.555872607487732,8.98206481933596,36.00371704101565,40.518086844521406,2.502331748963781,7.262026646144573,744,28.5501,77.3504
cell_01_13,2024-03-01,2024-04-01,21.555872607487732,8.98206481933596,36.00371704101565,40.518086844521406,2.502331748963781,7.262026646144573,744,28.5501,77.3504
cell_01_14,2024-03-01,2024-04-01,21.555872607487732,8.98206481933596,36.00371704101565,40.518086844521406,2.502331748963781,7.262026646144573,744,28.5501,77.3504
cell_01_15,2024-03-01,2024-04-01,21.555872607487732,8.98206481933596,36.00371704101565,40.518086844521406,2.502331748963781,7.262026646144573,744,28.5501,77.3504
cell_01_16,2024-03-01,2024-04-01,21.555872607487732,8.98206481933596,36.00371704101565,40.518086844521406,2.502331748963781,7.262026646144573,744,28.5501,77.3504
cell_01_17,2024-03-01,2024-04-01,21.555872607487732,8.98206481933596,36.00371704101565,40.518086844521406,2.502331748963781,7.262026646144573,744,28.5501,77.3504
cell_01_18,2024-03-01,2024-04-01,21.555872607487732,8.98206481933596,36.00371704101565,40.518086844521406,2.502331748963781,7.262026646144573,744,28.5501,77.3504
cell_01_19,2024-03-01,2024-04-01,21.555872607487732,8.98206481933596,36.00371704101565,40.518086844521406,2.502331748963781,7.262026646144573,744,28.5501,77.3504
cell_02_00,2024-03-01,2024-04-01,21.57486832321354,8.88245544433596,36.07598266601565,39.4606408415612,2.507407637498214,7.336053642667507,744,28.5501,77.2504
cell_02_01,2024-03-01,2024-04-01,21.57486832321354,8.88245544433596,36.07598266601565,39.4606408415612,2.507407637498214,7.336053642667507,744,28.5501,77.2504
cell_02_02,2024-03-01,2024-04-01,21.57486832321354,8.88245544433596,36.07598266601565,39.4606408415612,2.507407637498214,7.336053642667507,744,28.5501,77.2504
cell_02_03,2024-03-01,2024-04-01,21.57486832321354,8.88245544433596,36.07598266601565,39.4606408415612,2.507407637498214,7.336053642667507,744,28.5501,77.2504
cell_02_04,2024-03-01,2024-04-01,21.57486832321354,8.88245544433596,36.07598266601565,39.4606408415612,2.507407637498214,7.336053642667507,744,28.5501,77.2504
cell_02_05,2024-03-01,2024-04-01,21.57486832321354,8.88245544433596,36.07598266601565,39.4606408415612,2.507407637498214,7.336053642667507,744,28.5501,77.2504
cell_02_06,2024-03-01,2024-04-01,21.57486832321354,8.88245544433596,36.07598266601565,39.4606408415612,2.507407637498214,7.336053642667507,744,28.5501,77.2504
cell_02_07,2024-03-01,2024-04-01,21.57486832321354,8.88245544433596,36.07598266601565,39.4606408415612,2.507407637498214,7.336053642667507,744,28.5501,77.2504
cell_02_08,2024-03-01,2024-04-01,21.57486832321354,8.88245544433596,36.07598266601565,39.4606408415612,2.507407637498214,7.336053642667507,744,28.5501,77.2504
cell_02_09,2024-03-01,2024-04-01,21.57486832321354,8.88245544433596,36.07598266601565,39.4606408415612,2.507407637498214,7.336053642667507,744,28.5501,77.2504
cell_02_10,2024-03-01,2024-04-01,21.555872607487732,8.98206481933596,36.00371704101565,40.518086844521406,2.502331748963781,7.262026646144573,744,28.5501,77.3504
cell_02_11,2024-03-01,2024-04-01,21.555872607487732,8.98206481933596,36.00371704101565,40.518086844521406,2.502331748963781,7.262026646144573,744,28.5501,77.3504
cell_02_12,2024-03-01,2024-04-01,21.555872607487732,8.98206481933596,36.00371704101565,40.518086844521406,2.502331748963781,7.262026646144573,744,28.5501,77.3504
cell_02_13,2024-03-01,2024-04-01,21.555872607487732,8.98206481933596,36.00371704101565,40.518086844521406,2.502331748963781,7.262026646144573,744,28.5501,77.3504
cell_02_14,2024-03-01,2024-04-01,21.555872607487732,8.98206481933596,36.00371704101565,40.518086844521406,2.502331748963781,7.262026646144573,744,28.5501,77.3504
cell_02_15,2024-03-01,2024-04-01,21.555872607487732,8.98206481933596,36.00371704101565,40.518086844521406,2.502331748963781,7.262026646144573,744,28.5501,77.3504
cell_02_16,2024-03-01,2024-04-01,21.555872607487732,8.98206481933596,36.00371704101565,40.518086844521406,2.502331748963781,7.262026646144573,744,28.5501,77.3504
cell_02_17,2024-03-01,2024-04-01,21.555872607487732,8.98206481933596,36.00371704101565,40.518086844521406,2.502331748963781,7.262026646144573,744,28.5501,77.3504
cell_02_18,2024-03-01,2024-04-01,21.555872607487732,8.98206481933596,36.00371704101565,40.518086844521406,2.502331748963781,7.262026646144573,744,28.5501,77.3504
cell_02_19,2024-03-01,2024-04-01,21.555872607487732,8.98206481933596,36.00371704101565,40.518086844521406,2.502331748963781,7.262026646144573,744,28.5501,77.3504
cell_03_00,2024-03-01,2024-04-01,21.57486832321354,8.88245544433596,36.07598266601565,39.4606408415612,2.507407637498214,7.336053642667507,744,28.5501,77.2504
cell_03_01,2024-03-01,2024-04-01,21.57486832321354,8.88245544433596,36.07598266601565,39.4606408415612,2.507407637498214,7.336053642667507,744,28.5501,77.2504
cell_03_02,2024-03-01,2024-04-01,21.57486832321354,8.88245544433596,36.07598266601565,39.4606408415612,2.507407637498214,7.336053642667507,744,28.5501,77.2504
cell_03_03,2024-03-01,2024-04-01,21.57486832321354,8.88245544433596,36.07598266601565,39.4606408415612,2.507407637498214,7.336053642667507,744,28.5501,77.2504
cell_03_04,2024-03-01,2024-04-01,21.57486832321354,8.88245544433596,36.07598266601565,39.4606408415612,2.507407637498214,7.336053642667507,744,28.5501,77.2504
cell_03_05,2024-03-01,2024-04-01,21.57486832321354,8.88245544433596,36.07598266601565,39.4606408415612,2.507407637498214,7.336053642667507,744,28.5501,77.2504
cell_03_06,2024-03-01,2024-04-01,21.57486832321354,8.88245544433596,36.07598266601565,39.4606408415612,2.507407637498214,7.336053642667507,744,28.5501,77.2504
cell_03_07,2024-03-01,2024-04-01,21.57486832321354,8.88245544433596,36.07598266601565,39.4606408415612,2.507407637498214,7.336053642667507,744,28.5501,77.2504
cell_03_08,2024-03-01,2024-04-01,21.57486832321354,8.88245544433596,36.07598266601565,39.4606408415612,2.507407637498214,7.336053642667507,744,28.5501,77.2504
cell_03_09,2024-03-01,2024-04-01,21.57486832321354,8.88245544433596,36.07598266601565,39.4606408415612,2.507407637498214,7.336053642667507,744,28.5501,77.2504
cell_03_10,2024-03-01,2024-04-01,21.555872607487732,8.98206481933596,36.00371704101565,40.518086844521406,2.502331748963781,7.262026646144573,744,28.5501,77.3504
cell_03_11,2024-03-01,2024-04-01,21.555872607487732,8.98206481933596,36.00371704101565,40.518086844521406,2.502331748963781,7.262026646144573,744,28.5501,77.3504
cell_03_12,2024-03-01,2024-04-01,21.555872607487732,8.98206481933596,36.00371704101565,40.518086844521406,2.502331748963781,7.262026646144573,744,28.5501,77.3504
cell_03_13,2024-03-01,2024-04-01,21.555872607487732,8.98206481933596,36.00371704101565,40.518086844521406,2.502331748963781,7.262026646144573,744,28.5501,77.3504
cell_03_14,2024-03-01,2024-04-01,21.555872607487732,8.98206481933596,36.00371704101565,40.518086844521406,2.502331748963781,7.262026646144573,744,28.5501,77.3504
cell_03_15,2024-03-01,2024-04-01,21.555872607487732,8.98206481933596,36.00371704101565,40.518086844521406,2.502331748963781,7.262026646144573,744,28.5501,77.3504
cell_03_16,2024-03-01,2024-04-01,21.555872607487732,8.98206481933596,36.00371704101565,40.518086844521406,2.502331748963781,7.262026646144573,744,28.5501,77.3504
cell_03_17,2024-03-01,2024-04-01,21.555872607487732,8.98206481933596,36.00371704101565,40.518086844521406,2.502331748963781,7.262026646144573,744,28.5501,77.3504
cell_03_18,2024-03-01,2024-04-01,21.555872607487732,8.98206481933596,36.00371704101565,40.518086844521406,2.502331748963781,7.262026646144573,744,28.5501,77.3504
cell_03_19,2024-03-01,2024-04-01,21.555872607487732,8.98206481933596,36.00371704101565,40.518086844521406,2.502331748963781,7.262026646144573,744,28.5501,77.3504
cell_04_00,2024-03-01,2024-04-01,21.57486832321354,8.88245544433596,36.07598266601565,39.4606408415612,2.507407637498214,7.336053642667507,744,28.5501,77.2504
cell_04_01,2024-03-01,2024-04-01,21.57486832321354,8.88245544433596,36.07598266601565,39.4606408415612,2.507407637498214,7.336053642667507,744,28.5501,77.2504
cell_04_02,2024-03-01,2024-04-01,21.57486832321354,8.88245544433596,36.07598266601565,39.4606408415612,2.507407637498214,7.336053642667507,744,28.5501,77.2504
cell_04_03,2024-03-01,2024-04-01,21.57486832321354,8.88245544433596,36.07598266601565,39.4606408415612,2.507407637498214,7.336053642667507,744,28.5501,77.2504
cell_04_04,2024-03-01,2024-04-01,21.57486832321354,8.88245544433596,36.07598266601565,39.4606408415612,2.507407637498214,7.336053642667507,744,28.5501,77.2504
cell_04_05,2024-03-01,2024-04-01,21.57486832321354,8.88245544433596,36.07598266601565,39.4606408415612,2.507407637498214,7.336053642667507,744,28.5501,77.2504
cell_04_06,2024-03-01,2024-04-01,21.57486832321354,8.88245544433596,36.07598266601565,39.4606408415612,2.507407637498214,7.336053642667507,744,28.5501,77.2504
cell_04_07,2024-03-01,2024-04-01,21.57486832321354,8.88245544433596,36.07598266601565,39.4606408415612,2.507407637498214,7.336053642667507,744,28.5501,77.2504
cell_04_08,2024-03-01,2024-04-01,21.57486832321354,8.88245544433596,36.07598266601565,39.4606408415612,2.507407637498214,7.336053642667507,744,28.5501,77.2504
cell_04_09,2024-03-01,2024-04-01,21.57486832321354,8.88245544433596,36.07598266601565,39.4606408415612,2.507407637498214,7.336053642667507,744,28.5501,77.2504
cell_04_10,2024-03-01,2024-04-01,21.555872607487732,8.98206481933596,36.00371704101565,40.518086844521406,2.502331748963781,7.262026646144573,744,28.5501,77.3504
cell_04_11,2024-03-01,2024-04-01,21.555872607487732,8.98206481933596,36.00371704101565,40.518086844521406,2.502331748963781,7.262026646144573,744,28.5501,77.3504
cell_04_12,2024-03-01,2024-04-01,21.555872607487732,8.98206481933596,36.00371704101565,40.518086844521406,2.502331748963781,7.262026646144573,744,28.5501,77.3504
cell_04_13,2024-03-01,2024-04-01,21.555872607487732,8.98206481933596,36.00371704101565,40.518086844521406,2.502331748963781,7.262026646144573,744,28.5501,77.3504
cell_04_14,2024-03-01,2024-04-01,21.555872607487732,8.98206481933596,36.00371704101565,40.518086844521406,2.502331748963781,7.262026646144573,744,28.5501,77.3504
cell_04_15,2024-03-01,2024-04-01,21.555872607487732,8.98206481933596,36.00371704101565,40.518086844521406,2.502331748963781,7.262026646144573,744,28.5501,77.3504
cell_04_16,2024-03-01,2024-04-01,21.555872607487732,8.98206481933596,36.00371704101565,40.518086844521406,2.502331748963781,7.262026646144573,744,28.5501,77.3504
cell_04_17,2024-03-01,2024-04-01,21.555872607487732,8.98206481933596,36.00371704101565,40.518086844521406,2.502331748963781,7.262026646144573,744,28.5501,77.3504
cell_04_18,2024-03-01,2024-04-01,21.555872607487732,8.98206481933596,36.00371704101565,40.518086844521406,2.502331748963781,7.262026646144573,744,28.5501,77.3504
cell_04_19,2024-03-01,2024-04-01,21.555872607487732,8.98206481933596,36.00371704101565,40.518086844521406,2.502331748963781,7.262026646144573,744,28.5501,77.3504
cell_05_00,2024-03-01,2024-04-01,21.57486832321354,8.88245544433596,36.07598266601565,39.4606408415612,2.507407637498214,7.336053642667507,744,28.5501,77.2504
cell_05_01,2024-03-01,2024-04-01,21.57486832321354,8.88245544433596,36.07598266601565,39.4606408415612,2.507407637498214,7.336053642667507,744,28.5501,77.2504
cell_05_02,2024-03-01,2024-04-01,21.57486832321354,8.88245544433596,36.07598266601565,39.4606408415612,2.507407637498214,7.336053642667507,744,28.5501,77.2504
cell_05_03,2024-03-01,2024-04-01,21.57486832321354,8.88245544433596,36.07598266601565,39.4606408415612,2.507407637498214,7.336053642667507,744,28.5501,77.2504
cell_05_04,2024-03-01,2024-04-01,21.57486832321354,8.88245544433596,36.07598266601565,39.4606408415612,2.507407637498214,7.336053642667507,744,28.5501,77.2504
cell_05_05,2024-03-01,2024-04-01,21.57486832321354,8.88245544433596,36.07598266601565,39.4606408415612,2.507407637498214,7.336053642667507,744,28.5501,77.2504
cell_05_06,2024-03-01,2024-04-01,21.57486832321354,8.88245544433596,36.07598266601565,39.4606408415612,2.507407637498214,7.336053642667507,744,28.5501,77.2504
cell_05_07,2024-03-01,2024-04-01,21.57486832321354,8.88245544433596,36.07598266601565,39.4606408415612,2.507407637498214,7.336053642667507,744,28.5501,77.2504
cell_05_08,2024-03-01,2024-04-01,21.57486832321354,8.88245544433596,36.07598266601565,39.4606408415612,2.507407637498214,7.336053642667507,744,28.5501,77.2504
cell_05_09,2024-03-01,2024-04-01,21.57486832321354,8.88245544433596,36.07598266601565,39.4606408415612,2.507407637498214,7.336053642667507,744,28.5501,77.2504
cell_05_10,2024-03-01,2024-04-01,21.555872607487732,8.98206481933596,36.00371704101565,40.518086844521406,2.502331748963781,7.262026646144573,744,28.5501,77.3504
cell_05_11,2024-03-01,2024-04-01,21.555872607487732,8.98206481933596,36.00371704101565,40.518086844521406,2.502331748963781,7.262026646144573,744,28.5501,77.3504
cell_05_12,2024-03-01,2024-04-01,21.555872607487732,8.98206481933596,36.00371704101565,40.518086844521406,2.502331748963781,7.262026646144573,744,28.5501,77.3504
cell_05_13,2024-03-01,2024-04-01,21.555872607487732,8.98206481933596,36.00371704101565,40.518086844521406,2.502331748963781,7.262026646144573,744,28.5501,77.3504
cell_05_14,2024-03-01,2024-04-01,21.555872607487732,8.98206481933596,36.00371704101565,40.518086844521406,2.502331748963781,7.262026646144573,744,28.5501,77.3504
cell_05_15,2024-03-01,2024-04-01,21.555872607487732,8.98206481933596,36.00371704101565,40.518086844521406,2.502331748963781,7.262026646144573,744,28.5501,77.3504
cell_05_16,2024-03-01,2024-04-01,21.555872607487732,8.98206481933596,36.00371704101565,40.518086844521406,2.502331748963781,7.262026646144573,744,28.5501,77.3504
cell_05_17,2024-03-01,2024-04-01,21.555872607487732,8.98206481933596,36.00371704101565,40.518086844521406,2.502331748963781,7.262026646144573,744,28.5501,77.3504
cell_05_18,2024-03-01,2024-04-01,21.555872607487732,8.98206481933596,36.00371704101565,40.518086844521406,2.502331748963781,7.262026646144573,744,28.5501,77.3504
cell_05_19,2024-03-01,2024-04-01,21.555872607487732,8.98206481933596,36.00371704101565,40.518086844521406,2.502331748963781,7.262026646144573,744,28.5501,77.3504
cell_06_00,2024-03-01,2024-04-01,21.57486832321354,8.88245544433596,36.07598266601565,39.4606408415612,2.507407637498214,7.336053642667507,744,28.5501,77.2504
cell_06_01,2024-03-01,2024-04-01,21.57486832321354,8.88245544433596,36.07598266601565,39.4606408415612,2.507407637498214,7.336053642667507,744,28.5501,77.2504
cell_06_02,2024-03-01,2024-04-01,21.57486832321354,8.88245544433596,36.07598266601565,39.4606408415612,2.507407637498214,7.336053642667507,744,28.5501,77.2504
cell_06_03,2024-03-01,2024-04-01,21.57486832321354,8.88245544433596,36.07598266601565,39.4606408415612,2.507407637498214,7.336053642667507,744,28.5501,77.2504
cell_06_04,2024-03-01,2024-04-01,21.57486832321354,8.88245544433596,36.07598266601565,39.4606408415612,2.507407637498214,7.336053642667507,744,28.5501,77.2504
cell_06_05,2024-03-01,2024-04-01,21.57486832321354,8.88245544433596,36.07598266601565,39.4606408415612,2.507407637498214,7.336053642667507,744,28.5501,77.2504
cell_06_06,2024-03-01,2024-04-01,21.57486832321354,8.88245544433596,36.07598266601565,39.4606408415612,2.507407637498214,7.336053642667507,744,28.5501,77.2504
cell_06_07,2024-03-01,2024-04-01,21.57486832321354,8.88245544433596,36.07598266601565,39.4606408415612,2.507407637498214,7.336053642667507,744,28.5501,77.2504
cell_06_08,2024-03-01,2024-04-01,21.57486832321354,8.88245544433596,36.07598266601565,39.4606408415612,2.507407637498214,7.336053642667507,744,28.5501,77.2504
cell_06_09,2024-03-01,2024-04-01,21.57486832321354,8.88245544433596,36.07598266601565,39.4606408415612,2.507407637498214,7.336053642667507,744,28.5501,77.2504
cell_06_10,2024-03-01,2024-04-01,21.555872607487732,8.98206481933596,36.00371704101565,40.518086844521406,2.502331748963781,7.262026646144573,744,28.5501,77.3504
cell_06_11,2024-03-01,2024-04-01,21.555872607487732,8.98206481933596,36.00371704101565,40.518086844521406,2.502331748963781,7.262026646144573,744,28.5501,77.3504
cell_06_12,2024-03-01,2024-04-01,21.555872607487732,8.98206481933596,36.00371704101565,40.518086844521406,2.502331748963781,7.262026646144573,744,28.5501,77.3504
cell_06_13,2024-03-01,2024-04-01,21.555872607487732,8.98206481933596,36.00371704101565,40.518086844521406,2.502331748963781,7.262026646144573,744,28.5501,77.3504
cell_06_14,2024-03-01,2024-04-01,21.555872607487732,8.98206481933596,36.00371704101565,40.518086844521406,2.502331748963781,7.262026646144573,744,28.5501,77.3504
cell_06_15,2024-03-01,2024-04-01,21.555872607487732,8.98206481933596,36.00371704101565,40.518086844521406,2.502331748963781,7.262026646144573,744,28.5501,77.3504
cell_06_16,2024-03-01,2024-04-01,21.555872607487732,8.98206481933596,36.00371704101565,40.518086844521406,2.502331748963781,7.262026646144573,744,28.5501,77.3504
cell_06_17,2024-03-01,2024-04-01,21.555872607487732,8.98206481933596,36.00371704101565,40.518086844521406,2.502331748963781,7.262026646144573,744,28.5501,77.3504
cell_06_18,2024-03-01,2024-04-01,21.555872607487732,8.98206481933596,36.00371704101565,40.518086844521406,2.502331748963781,7.262026646144573,744,28.5501,77.3504
cell_06_19,2024-03-01,2024-04-01,21.555872607487732,8.98206481933596,36.00371704101565,40.518086844521406,2.502331748963781,7.262026646144573,744,28.5501,77.3504
cell_07_00,2024-03-01,2024-04-01,21.57486832321354,8.88245544433596,36.07598266601565,39.4606408415612,2.507407637498214,7.336053642667507,744,28.5501,77.2504
cell_07_01,2024-03-01,2024-04-01,21.57486832321354,8.88245544433596,36.07598266601565,39.4606408415612,2.507407637498214,7.336053642667507,744,28.5501,77.2504
cell_07_02,2024-03-01,2024-04-01,21.57486832321354,8.88245544433596,36.07598266601565,39.4606408415612,2.507407637498214,7.336053642667507,744,28.5501,77.2504
cell_07_03,2024-03-01,2024-04-01,21.57486832321354,8.88245544433596,36.07598266601565,39.4606408415612,2.507407637498214,7.336053642667507,744,28.5501,77.2504
cell_07_04,2024-03-01,2024-04-01,21.57486832321354,8.88245544433596,36.07598266601565,39.4606408415612,2.507407637498214,7.336053642667507,744,28.5501,77.2504
cell_07_05,2024-03-01,2024-04-01,21.57486832321354,8.88245544433596,36.07598266601565,39.4606408415612,2.507407637498214,7.336053642667507,744,28.5501,77.2504
cell_07_06,2024-03-01,2024-04-01,21.57486832321354,8.88245544433596,36.07598266601565,39.4606408415612,2.507407637498214,7.336053642667507,744,28.5501,77.2504
cell_07_07,2024-03-01,2024-04-01,21.57486832321354,8.88245544433596,36.07598266601565,39.4606408415612,2.507407637498214,7.336053642667507,744,28.5501,77.2504
cell_07_08,2024-03-01,2024-04-01,21.57486832321354,8.88245544433596,36.07598266601565,39.4606408415612,2.507407637498214,7.336053642667507,744,28.5501,77.2504
cell_07_09,2024-03-01,2024-04-01,21.57486832321354,8.88245544433596,36.07598266601565,39.4606408415612,2.507407637498214,7.336053642667507,744,28.5501,77.2504
cell_07_10,2024-03-01,2024-04-01,21.555872607487732,8.98206481933596,36.00371704101565,40.518086844521406,2.502331748963781,7.262026646144573,744,28.5501,77.3504
cell_07_11,2024-03-01,2024-04-01,21.555872607487732,8.98206481933596,36.00371704101565,40.518086844521406,2.502331748963781,7.262026646144573,744,28.5501,77.3504
cell_07_12,2024-03-01,2024-04-01,21.555872607487732,8.98206481933596,36.00371704101565,40.518086844521406,2.502331748963781,7.262026646144573,744,28.5501,77.3504
cell_07_13,2024-03-01,2024-04-01,21.555872607487732,8.98206481933596,36.00371704101565,40.518086844521406,2.502331748963781,7.262026646144573,744,28.5501,77.3504
cell_07_14,2024-03-01,2024-04-01,21.555872607487732,8.98206481933596,36.00371704101565,40.518086844521406,2.502331748963781,7.262026646144573,744,28.5501,77.3504
cell_07_15,2024-03-01,2024-04-01,21.555872607487732,8.98206481933596,36.00371704101565,40.518086844521406,2.502331748963781,7.262026646144573,744,28.5501,77.3504
cell_07_16,2024-03-01,2024-04-01,21.555872607487732,8.98206481933596,36.00371704101565,40.518086844521406,2.502331748963781,7.262026646144573,744,28.5501,77.3504
cell_07_17,2024-03-01,2024-04-01,21.555872607487732,8.98206481933596,36.00371704101565,40.518086844521406,2.502331748963781,7.262026646144573,744,28.5501,77.3504
cell_07_18,2024-03-01,2024-04-01,21.555872607487732,8.98206481933596,36.00371704101565,40.518086844521406,2.502331748963781,7.262026646144573,744,28.5501,77.3504
cell_07_19,2024-03-01,2024-04-01,21.555872607487732,8.98206481933596,36.00371704101565,40.518086844521406,2.502331748963781,7.262026646144573,744,28.5501,77.3504
cell_08_00,2024-03-01,2024-04-01,21.57486832321354,8.88245544433596,36.07598266601565,39.4606408415612,2.507407637498214,7.336053642667507,744,28.5501,77.2504
cell_08_01,2024-03-01,2024-04-01,21.57486832321354,8.88245544433596,36.07598266601565,39.4606408415612,2.507407637498214,7.336053642667507,744,28.5501,77.2504
cell_08_02,2024-03-01,2024-04-01,21.57486832321354,8.88245544433596,36.07598266601565,39.4606408415612,2.507407637498214,7.336053642667507,744,28.5501,77.2504
cell_08_03,2024-03-01,2024-04-01,21.57486832321354,8.88245544433596,36.07598266601565,39.4606408415612,2.507407637498214,7.336053642667507,744,28.5501,77.2504
cell_08_04,2024-03-01,2024-04-01,21.57486832321354,8.88245544433596,36.07598266601565,39.4606408415612,2.507407637498214,7.336053642667507,744,28.5501,77.2504
cell_08_05,2024-03-01,2024-04-01,21.57486832321354,8.88245544433596,36.07598266601565,39.4606408415612,2.507407637498214,7.336053642667507,744,28.5501,77.2504
cell_08_06,2024-03-01,2024-04-01,21.57486832321354,8.88245544433596,36.07598266601565,39.4606408415612,2.507407637498214,7.336053642667507,744,28.5501,77.2504
cell_08_07,2024-03-01,2024-04-01,21.57486832321354,8.88245544433596,36.07598266601565,39.4606408415612,2.507407637498214,7.336053642667507,744,28.5501,77.2504
cell_08_08,2024-03-01,2024-04-01,21.57486832321354,8.88245544433596,36.07598266601565,39.4606408415612,2.507407637498214,7.336053642667507,744,28.5501,77.2504
cell_08_09,2024-03-01,2024-04-01,21.57486832321354,8.88245544433596,36.07598266601565,39.4606408415612,2.507407637498214,7.336053642667507,744,28.5501,77.2504
cell_08_10,2024-03-01,2024-04-01,21.555872607487732,8.98206481933596,36.00371704101565,40.518086844521406,2.502331748963781,7.262026646144573,744,28.5501,77.3504
cell_08_11,2024-03-01,2024-04-01,21.555872607487732,8.98206481933596,36.00371704101565,40.518086844521406,2.502331748963781,7.262026646144573,744,28.5501,77.3504
cell_08_12,2024-03-01,2024-04-01,21.555872607487732,8.98206481933596,36.00371704101565,40.518086844521406,2.502331748963781,7.262026646144573,744,28.5501,77.3504
cell_08_13,2024-03-01,2024-04-01,21.555872607487732,8.98206481933596,36.00371704101565,40.518086844521406,2.502331748963781,7.262026646144573,744,28.5501,77.3504
cell_08_14,2024-03-01,2024-04-01,21.555872607487732,8.98206481933596,36.00371704101565,40.518086844521406,2.502331748963781,7.262026646144573,744,28.5501,77.3504
cell_08_15,2024-03-01,2024-04-01,21.555872607487732,8.98206481933596,36.00371704101565,40.518086844521406,2.502331748963781,7.262026646144573,744,28.5501,77.3504
cell_08_16,2024-03-01,2024-04-01,21.555872607487732,8.98206481933596,36.00371704101565,40.518086844521406,2.502331748963781,7.262026646144573,744,28.5501,77.3504
cell_08_17,2024-03-01,2024-04-01,21.555872607487732,8.98206481933596,36.00371704101565,40.518086844521406,2.502331748963781,7.262026646144573,744,28.5501,77.3504
cell_08_18,2024-03-01,2024-04-01,21.555872607487732,8.98206481933596,36.00371704101565,40.518086844521406,2.502331748963781,7.262026646144573,744,28.5501,77.3504
cell_08_19,2024-03-01,2024-04-01,21.555872607487732,8.98206481933596,36.00371704101565,40.518086844521406,2.502331748963781,7.262026646144573,744,28.5501,77.3504
cell_09_00,2024-03-01,2024-04-01,21.57486832321354,8.88245544433596,36.07598266601565,39.4606408415612,2.507407637498214,7.336053642667507,744,28.5501,77.2504
cell_09_01,2024-03-01,2024-04-01,21.57486832321354,8.88245544433596,36.07598266601565,39.4606408415612,2.507407637498214,7.336053642667507,744,28.5501,77.2504
cell_09_02,2024-03-01,2024-04-01,21.57486832321354,8.88245544433596,36.07598266601565,39.4606408415612,2.507407637498214,7.336053642667507,744,28.5501,77.2504
cell_09_03,2024-03-01,2024-04-01,21.57486832321354,8.88245544433596,36.07598266601565,39.4606408415612,2.507407637498214,7.336053642667507,744,28.5501,77.2504
cell_09_04,2024-03-01,2024-04-01,21.57486832321354,8.88245544433596,36.07598266601565,39.4606408415612,2.507407637498214,7.336053642667507,744,28.5501,77.2504
cell_09_05,2024-03-01,2024-04-01,21.57486832321354,8.88245544433596,36.07598266601565,39.4606408415612,2.507407637498214,7.336053642667507,744,28.5501,77.2504
cell_09_06,2024-03-01,2024-04-01,21.57486832321354,8.88245544433596,36.07598266601565,39.4606408415612,2.507407637498214,7.336053642667507,744,28.5501,77.2504
cell_09_07,2024-03-01,2024-04-01,21.57486832321354,8.88245544433596,36.07598266601565,39.4606408415612,2.507407637498214,7.336053642667507,744,28.5501,77.2504
cell_09_08,2024-03-01,2024-04-01,21.57486832321354,8.88245544433596,36.07598266601565,39.4606408415612,2.507407637498214,7.336053642667507,744,28.5501,77.2504
cell_09_09,2024-03-01,2024-04-01,21.57486832321354,8.88245544433596,36.07598266601565,39.4606408415612,2.507407637498214,7.336053642667507,744,28.5501,77.2504
cell_09_10,2024-03-01,2024-04-01,21.555872607487732,8.98206481933596,36.00371704101565,40.518086844521406,2.502331748963781,7.262026646144573,744,28.5501,77.3504
cell_09_11,2024-03-01,2024-04-01,21.555872607487732,8.98206481933596,36.00371704101565,40.518086844521406,2.502331748963781,7.262026646144573,744,28.5501,77.3504
cell_09_12,2024-03-01,2024-04-01,21.555872607487732,8.98206481933596,36.00371704101565,40.518086844521406,2.502331748963781,7.262026646144573,744,28.5501,77.3504
cell_09_13,2024-03-01,2024-04-01,21.555872607487732,8.98206481933596,36.00371704101565,40.518086844521406,2.502331748963781,7.262026646144573,744,28.5501,77.3504
cell_09_14,2024-03-01,2024-04-01,21.555872607487732,8.98206481933596,36.00371704101565,40.518086844521406,2.502331748963781,7.262026646144573,744,28.5501,77.3504
cell_09_15,2024-03-01,2024-04-01,21.555872607487732,8.98206481933596,36.00371704101565,40.518086844521406,2.502331748963781,7.262026646144573,744,28.5501,77.3504
cell_09_16,2024-03-01,2024-04-01,21.555872607487732,8.98206481933596,36.00371704101565,40.518086844521406,2.502331748963781,7.262026646144573,744,28.5501,77.3504
cell_09_17,2024-03-01,2024-04-01,21.555872607487732,8.98206481933596,36.00371704101565,40.518086844521406,2.502331748963781,7.262026646144573,744,28.5501,77.3504
cell_09_18,2024-03-01,2024-04-01,21.555872607487732,8.98206481933596,36.00371704101565,40.518086844521406,2.502331748963781,7.262026646144573,744,28.5501,77.3504
cell_09_19,2024-03-01,2024-04-01,21.555872607487732,8.98206481933596,36.00371704101565,40.518086844521406,2.502331748963781,7.262026646144573,744,28.5501,77.3504
cell_10_00,2024-03-01,2024-04-01,21.57486832321354,8.88245544433596,36.07598266601565,39.4606408415612,2.507407637498214,7.336053642667507,744,28.5501,77.2504
cell_10_01,2024-03-01,2024-04-01,21.57486832321354,8.88245544433596,36.07598266601565,39.4606408415612,2.507407637498214,7.336053642667507,744,28.5501,77.2504
cell_10_02,2024-03-01,2024-04-01,21.57486832321354,8.88245544433596,36.07598266601565,39.4606408415612,2.507407637498214,7.336053642667507,744,28.5501,77.2504
cell_10_03,2024-03-01,2024-04-01,21.57486832321354,8.88245544433596,36.07598266601565,39.4606408415612,2.507407637498214,7.336053642667507,744,28.5501,77.2504
cell_10_04,2024-03-01,2024-04-01,21.57486832321354,8.88245544433596,36.07598266601565,39.4606408415612,2.507407637498214,7.336053642667507,744,28.5501,77.2504
cell_10_05,2024-03-01,2024-04-01,21.57486832321354,8.88245544433596,36.07598266601565,39.4606408415612,2.507407637498214,7.336053642667507,744,28.5501,77.2504
cell_10_06,2024-03-01,2024-04-01,21.57486832321354,8.88245544433596,36.07598266601565,39.4606408415612,2.507407637498214,7.336053642667507,744,28.5501,77.2504
cell_10_07,2024-03-01,2024-04-01,21.57486832321354,8.88245544433596,36.07598266601565,39.4606408415612,2.507407637498214,7.336053642667507,744,28.5501,77.2504
cell_10_08,2024-03-01,2024-04-01,21.57486832321354,8.88245544433596,36.07598266601565,39.4606408415612,2.507407637498214,7.336053642667507,744,28.5501,77.2504
cell_10_09,2024-03-01,2024-04-01,21.57486832321354,8.88245544433596,36.07598266601565,39.4606408415612,2.507407637498214,7.336053642667507,744,28.5501,77.2504
cell_10_10,2024-03-01,2024-04-01,21.555872607487732,8.98206481933596,36.00371704101565,40.518086844521406,2.502331748963781,7.262026646144573,744,28.5501,77.3504
cell_10_11,2024-03-01,2024-04-01,21.555872607487732,8.98206481933596,36.00371704101565,40.518086844521406,2.502331748963781,7.262026646144573,744,28.5501,77.3504
cell_10_12,2024-03-01,2024-04-01,21.555872607487732,8.98206481933596,36.00371704101565,40.518086844521406,2.502331748963781,7.262026646144573,744,28.5501,77.3504
cell_10_13,2024-03-01,2024-04-01,21.555872607487732,8.98206481933596,36.00371704101565,40.518086844521406,2.502331748963781,7.262026646144573,744,28.5501,77.3504
cell_10_14,2024-03-01,2024-04-01,21.555872607487732,8.98206481933596,36.00371704101565,40.518086844521406,2.502331748963781,7.262026646144573,744,28.5501,77.3504
cell_10_15,2024-03-01,2024-04-01,21.555872607487732,8.98206481933596,36.00371704101565,40.518086844521406,2.502331748963781,7.262026646144573,744,28.5501,77.3504
cell_10_16,2024-03-01,2024-04-01,21.555872607487732,8.98206481933596,36.00371704101565,40.518086844521406,2.502331748963781,7.262026646144573,744,28.5501,77.3504
cell_10_17,2024-03-01,2024-04-01,21.555872607487732,8.98206481933596,36.00371704101565,40.518086844521406,2.502331748963781,7.262026646144573,744,28.5501,77.3504
cell_10_18,2024-03-01,2024-04-01,21.555872607487732,8.98206481933596,36.00371704101565,40.518086844521406,2.502331748963781,7.262026646144573,744,28.5501,77.3504
cell_10_19,2024-03-01,2024-04-01,21.555872607487732,8.98206481933596,36.00371704101565,40.518086844521406,2.502331748963781,7.262026646144573,744,28.5501,77.3504
cell_11_00,2024-03-01,2024-04-01,21.57486832321354,8.88245544433596,36.07598266601565,39.4606408415612,2.507407637498214,7.336053642667507,744,28.5501,77.2504
cell_11_01,2024-03-01,2024-04-01,21.57486832321354,8.88245544433596,36.07598266601565,39.4606408415612,2.507407637498214,7.336053642667507,744,28.5501,77.2504
cell_11_02,2024-03-01,2024-04-01,21.57486832321354,8.88245544433596,36.07598266601565,39.4606408415612,2.507407637498214,7.336053642667507,744,28.5501,77.2504
cell_11_03,2024-03-01,2024-04-01,21.57486832321354,8.88245544433596,36.07598266601565,39.4606408415612,2.507407637498214,7.336053642667507,744,28.5501,77.2504
cell_11_04,2024-03-01,2024-04-01,21.57486832321354,8.88245544433596,36.07598266601565,39.4606408415612,2.507407637498214,7.336053642667507,744,28.5501,77.2504
cell_11_05,2024-03-01,2024-04-01,21.57486832321354,8.88245544433596,36.07598266601565,39.4606408415612,2.507407637498214,7.336053642667507,744,28.5501,77.2504
cell_11_06,2024-03-01,2024-04-01,21.57486832321354,8.88245544433596,36.07598266601565,39.4606408415612,2.507407637498214,7.336053642667507,744,28.5501,77.2504
cell_11_07,2024-03-01,2024-04-01,21.57486832321354,8.88245544433596,36.07598266601565,39.4606408415612,2.507407637498214,7.336053642667507,744,28.5501,77.2504
cell_11_08,2024-03-01,2024-04-01,21.57486832321354,8.88245544433596,36.07598266601565,39.4606408415612,2.507407637498214,7.336053642667507,744,28.5501,77.2504
cell_11_09,2024-03-01,2024-04-01,21.57486832321354,8.88245544433596,36.07598266601565,39.4606408415612,2.507407637498214,7.336053642667507,744,28.5501,77.2504
cell_11_10,2024-03-01,2024-04-01,21.555872607487732,8.98206481933596,36.00371704101565,40.518086844521406,2.502331748963781,7.262026646144573,744,28.5501,77.3504
cell_11_11,2024-03-01,2024-04-01,21.555872607487732,8.98206481933596,36.00371704101565,40.518086844521406,2.502331748963781,7.262026646144573,744,28.5501,77.3504
cell_11_12,2024-03-01,2024-04-01,21.555872607487732,8.98206481933596,36.00371704101565,40.518086844521406,2.502331748963781,7.262026646144573,744,28.5501,77.3504
cell_11_13,2024-03-01,2024-04-01,21.555872607487732,8.98206481933596,36.00371704101565,40.518086844521406,2.502331748963781,7.262026646144573,744,28.5501,77.3504
cell_11_14,2024-03-01,2024-04-01,21.555872607487732,8.98206481933596,36.00371704101565,40.518086844521406,2.502331748963781,7.262026646144573,744,28.5501,77.3504
cell_11_15,2024-03-01,2024-04-01,21.555872607487732,8.98206481933596,36.00371704101565,40.518086844521406,2.502331748963781,7.262026646144573,744,28.5501,77.3504
cell_11_16,2024-03-01,2024-04-01,21.555872607487732,8.98206481933596,36.00371704101565,40.518086844521406,2.502331748963781,7.262026646144573,744,28.5501,77.3504
cell_11_17,2024-03-01,2024-04-01,21.555872607487732,8.98206481933596,36.00371704101565,40.518086844521406,2.502331748963781,7.262026646144573,744,28.5501,77.3504
cell_11_18,2024-03-01,2024-04-01,21.555872607487732,8.98206481933596,36.00371704101565,40.518086844521406,2.502331748963781,7.262026646144573,744,28.5501,77.3504
cell_11_19,2024-03-01,2024-04-01,21.555872607487732,8.98206481933596,36.00371704101565,40.518086844521406,2.502331748963781,7.262026646144573,744,28.5501,77.3504
cell_12_00,2024-03-01,2024-04-01,21.57486832321354,8.88245544433596,36.07598266601565,39.4606408415612,2.507407637498214,7.336053642667507,744,28.5501,77.2504
cell_12_01,2024-03-01,2024-04-01,21.57486832321354,8.88245544433596,36.07598266601565,39.4606408415612,2.507407637498214,7.336053642667507,744,28.5501,77.2504
cell_12_02,2024-03-01,2024-04-01,21.57486832321354,8.88245544433596,36.07598266601565,39.4606408415612,2.507407637498214,7.336053642667507,744,28.5501,77.2504
cell_12_03,2024-03-01,2024-04-01,21.57486832321354,8.88245544433596,36.07598266601565,39.4606408415612,2.507407637498214,7.336053642667507,744,28.5501,77.2504
cell_12_04,2024-03-01,2024-04-01,21.57486832321354,8.88245544433596,36.07598266601565,39.4606408415612,2.507407637498214,7.336053642667507,744,28.5501,77.2504
cell_12_05,2024-03-01,2024-04-01,21.57486832321354,8.88245544433596,36.07598266601565,39.4606408415612,2.507407637498214,7.336053642667507,744,28.5501,77.2504
cell_12_06,2024-03-01,2024-04-01,21.57486832321354,8.88245544433596,36.07598266601565,39.4606408415612,2.507407637498214,7.336053642667507,744,28.5501,77.2504
cell_12_07,2024-03-01,2024-04-01,21.57486832321354,8.88245544433596,36.07598266601565,39.4606408415612,2.507407637498214,7.336053642667507,744,28.5501,77.2504
cell_12_08,2024-03-01,2024-04-01,21.57486832321354,8.88245544433596,36.07598266601565,39.4606408415612,2.507407637498214,7.336053642667507,744,28.5501,77.2504
cell_12_09,2024-03-01,2024-04-01,21.57486832321354,8.88245544433596,36.07598266601565,39.4606408415612,2.507407637498214,7.336053642667507,744,28.5501,77.2504
cell_12_10,2024-03-01,2024-04-01,21.555872607487732,8.98206481933596,36.00371704101565,40.518086844521406,2.502331748963781,7.262026646144573,744,28.5501,77.3504
cell_12_11,2024-03-01,2024-04-01,21.555872607487732,8.98206481933596,36.00371704101565,40.518086844521406,2.502331748963781,7.262026646144573,744,28.5501,77.3504
cell_12_12,2024-03-01,2024-04-01,21.555872607487732,8.98206481933596,36.00371704101565,40.518086844521406,2.502331748963781,7.262026646144573,744,28.5501,77.3504
cell_12_13,2024-03-01,2024-04-01,21.555872607487732,8.98206481933596,36.00371704101565,40.518086844521406,2.502331748963781,7.262026646144573,744,28.5501,77.3504
cell_12_14,2024-03-01,2024-04-01,21.555872607487732,8.98206481933596,36.00371704101565,40.518086844521406,2.502331748963781,7.262026646144573,744,28.5501,77.3504
cell_12_15,2024-03-01,2024-04-01,21.555872607487732,8.98206481933596,36.00371704101565,40.518086844521406,2.502331748963781,7.262026646144573,744,28.5501,77.3504
cell_12_16,2024-03-01,2024-04-01,21.555872607487732,8.98206481933596,36.00371704101565,40.518086844521406,2.502331748963781,7.262026646144573,744,28.5501,77.3504
cell_12_17,2024-03-01,2024-04-01,21.555872607487732,8.98206481933596,36.00371704101565,40.518086844521406,2.502331748963781,7.262026646144573,744,28.5501,77.3504
cell_12_18,2024-03-01,2024-04-01,21.555872607487732,8.98206481933596,36.00371704101565,40.518086844521406,2.502331748963781,7.262026646144573,744,28.5501,77.3504
cell_12_19,2024-03-01,2024-04-01,21.555872607487732,8.98206481933596,36.00371704101565,40.518086844521406,2.502331748963781,7.262026646144573,744,28.5501,77.3504
cell_13_00,2024-03-01,2024-04-01,21.57486832321354,8.88245544433596,36.07598266601565,39.4606408415612,2.507407637498214,7.336053642667507,744,28.5501,77.2504
cell_13_01,2024-03-01,2024-04-01,21.57486832321354,8.88245544433596,36.07598266601565,39.4606408415612,2.507407637498214,7.336053642667507,744,28.5501,77.2504
cell_13_02,2024-03-01,2024-04-01,21.57486832321354,8.88245544433596,36.07598266601565,39.4606408415612,2.507407637498214,7.336053642667507,744,28.5501,77.2504
cell_13_03,2024-03-01,2024-04-01,21.57486832321354,8.88245544433596,36.07598266601565,39.4606408415612,2.507407637498214,7.336053642667507,744,28.5501,77.2504
cell_13_04,2024-03-01,2024-04-01,21.57486832321354,8.88245544433596,36.07598266601565,39.4606408415612,2.507407637498214,7.336053642667507,744,28.5501,77.2504
cell_13_05,2024-03-01,2024-04-01,21.57486832321354,8.88245544433596,36.07598266601565,39.4606408415612,2.507407637498214,7.336053642667507,744,28.5501,77.2504
cell_13_06,2024-03-01,2024-04-01,21.57486832321354,8.88245544433596,36.07598266601565,39.4606408415612,2.507407637498214,7.336053642667507,744,28.5501,77.2504
cell_13_07,2024-03-01,2024-04-01,21.57486832321354,8.88245544433596,36.07598266601565,39.4606408415612,2.507407637498214,7.336053642667507,744,28.5501,77.2504
cell_13_08,2024-03-01,2024-04-01,21.57486832321354,8.88245544433596,36.07598266601565,39.4606408415612,2.507407637498214,7.336053642667507,744,28.5501,77.2504
cell_13_09,2024-03-01,2024-04-01,21.57486832321354,8.88245544433596,36.07598266601565,39.4606408415612,2.507407637498214,7.336053642667507,744,28.5501,77.2504
cell_13_10,2024-03-01,2024-04-01,21.555872607487732,8.98206481933596,36.00371704101565,40.518086844521406,2.502331748963781,7.262026646144573,744,28.5501,77.3504
cell_13_11,2024-03-01,2024-04-01,21.555872607487732,8.98206481933596,36.00371704101565,40.518086844521406,2.502331748963781,7.262026646144573,744,28.5501,77.3504
cell_13_12,2024-03-01,2024-04-01,21.555872607487732,8.98206481933596,36.00371704101565,40.518086844521406,2.502331748963781,7.262026646144573,744,28.5501,77.3504
cell_13_13,2024-03-01,2024-04-01,21.555872607487732,8.98206481933596,36.00371704101565,40.518086844521406,2.502331748963781,7.262026646144573,744,28.5501,77.3504
cell_13_14,2024-03-01,2024-04-01,21.555872607487732,8.98206481933596,36.00371704101565,40.518086844521406,2.502331748963781,7.262026646144573,744,28.5501,77.3504
cell_13_15,2024-03-01,2024-04-01,21.555872607487732,8.98206481933596,36.00371704101565,40.518086844521406,2.502331748963781,7.262026646144573,744,28.5501,77.3504
cell_13_16,2024-03-01,2024-04-01,21.555872607487732,8.98206481933596,36.00371704101565,40.518086844521406,2.502331748963781,7.262026646144573,744,28.5501,77.3504
cell_13_17,2024-03-01,2024-04-01,21.555872607487732,8.98206481933596,36.00371704101565,40.518086844521406,2.502331748963781,7.262026646144573,744,28.5501,77.3504
cell_13_18,2024-03-01,2024-04-01,21.555872607487732,8.98206481933596,36.00371704101565,40.518086844521406,2.502331748963781,7.262026646144573,744,28.5501,77.3504
cell_13_19,2024-03-01,2024-04-01,21.555872607487732,8.98206481933596,36.00371704101565,40.518086844521406,2.502331748963781,7.262026646144573,744,28.5501,77.3504
cell_14_00,2024-03-01,2024-04-01,21.57486832321354,8.88245544433596,36.07598266601565,39.4606408415612,2.507407637498214,7.336053642667507,744,28.5501,77.2504
cell_14_01,2024-03-01,2024-04-01,21.57486832321354,8.88245544433596,36.07598266601565,39.4606408415612,2.507407637498214,7.336053642667507,744,28.5501,77.2504
cell_14_02,2024-03-01,2024-04-01,21.57486832321354,8.88245544433596,36.07598266601565,39.4606408415612,2.507407637498214,7.336053642667507,744,28.5501,77.2504
cell_14_03,2024-03-01,2024-04-01,21.57486832321354,8.88245544433596,36.07598266601565,39.4606408415612,2.507407637498214,7.336053642667507,744,28.5501,77.2504
cell_14_04,2024-03-01,2024-04-01,21.57486832321354,8.88245544433596,36.07598266601565,39.4606408415612,2.507407637498214,7.336053642667507,744,28.5501,77.2504
cell_14_05,2024-03-01,2024-04-01,21.57486832321354,8.88245544433596,36.07598266601565,39.4606408415612,2.507407637498214,7.336053642667507,744,28.5501,77.2504
cell_14_06,2024-03-01,2024-04-01,21.57486832321354,8.88245544433596,36.07598266601565,39.4606408415612,2.507407637498214,7.336053642667507,744,28.5501,77.2504
cell_14_07,2024-03-01,2024-04-01,21.57486832321354,8.88245544433596,36.07598266601565,39.4606408415612,2.507407637498214,7.336053642667507,744,28.5501,77.2504
cell_14_08,2024-03-01,2024-04-01,21.57486832321354,8.88245544433596,36.07598266601565,39.4606408415612,2.507407637498214,7.336053642667507,744,28.5501,77.2504
cell_14_09,2024-03-01,2024-04-01,21.57486832321354,8.88245544433596,36.07598266601565,39.4606408415612,2.507407637498214,7.336053642667507,744,28.5501,77.2504
cell_14_10,2024-03-01,2024-04-01,21.555872607487732,8.98206481933596,36.00371704101565,40.518086844521406,2.502331748963781,7.262026646144573,744,28.5501,77.3504
cell_14_11,2024-03-01,2024-04-01,21.555872607487732,8.98206481933596,36.00371704101565,40.518086844521406,2.502331748963781,7.262026646144573,744,28.5501,77.3504
cell_14_12,2024-03-01,2024-04-01,21.555872607487732,8.98206481933596,36.00371704101565,40.518086844521406,2.502331748963781,7.262026646144573,744,28.5501,77.3504
cell_14_13,2024-03-01,2024-04-01,21.555872607487732,8.98206481933596,36.00371704101565,40.518086844521406,2.502331748963781,7.262026646144573,744,28.5501,77.3504
cell_14_14,2024-03-01,2024-04-01,21.555872607487732,8.98206481933596,36.00371704101565,40.518086844521406,2.502331748963781,7.262026646144573,744,28.5501,77.3504
cell_14_15,2024-03-01,2024-04-01,21.555872607487732,8.98206481933596,36.00371704101565,40.518086844521406,2.502331748963781,7.262026646144573,744,28.5501,77.3504
cell_14_16,2024-03-01,2024-04-01,21.555872607487732,8.98206481933596,36.00371704101565,40.518086844521406,2.502331748963781,7.262026646144573,744,28.5501,77.3504
cell_14_17,2024-03-01,2024-04-01,21.555872607487732,8.98206481933596,36.00371704101565,40.518086844521406,2.502331748963781,7.262026646144573,744,28.5501,77.3504
cell_14_18,2024-03-01,2024-04-01,21.555872607487732,8.98206481933596,36.00371704101565,40.518086844521406,2.502331748963781,7.262026646144573,744,28.5501,77.3504
cell_14_19,2024-03-01,2024-04-01,21.555872607487732,8.98206481933596,36.00371704101565,40.518086844521406,2.502331748963781,7.262026646144573,744,28.5501,77.3504
cell_15_00,2024-03-01,2024-04-01,21.57486832321354,8.88245544433596,36.07598266601565,39.4606408415612,2.507407637498214,7.336053642667507,744,28.5501,77.2504
cell_15_01,2024-03-01,2024-04-01,21.57486832321354,8.88245544433596,36.07598266601565,39.4606408415612,2.507407637498214,7.336053642667507,744,28.5501,77.2504
cell_15_02,2024-03-01,2024-04-01,21.57486832321354,8.88245544433596,36.07598266601565,39.4606408415612,2.507407637498214,7.336053642667507,744,28.5501,77.2504
cell_15_03,2024-03-01,2024-04-01,21.57486832321354,8.88245544433596,36.07598266601565,39.4606408415612,2.507407637498214,7.336053642667507,744,28.5501,77.2504
cell_15_04,2024-03-01,2024-04-01,21.57486832321354,8.88245544433596,36.07598266601565,39.4606408415612,2.507407637498214,7.336053642667507,744,28.5501,77.2504
cell_15_05,2024-03-01,2024-04-01,21.57486832321354,8.88245544433596,36.07598266601565,39.4606408415612,2.507407637498214,7.336053642667507,744,28.5501,77.2504
cell_15_06,2024-03-01,2024-04-01,21.57486832321354,8.88245544433596,36.07598266601565,39.4606408415612,2.507407637498214,7.336053642667507,744,28.5501,77.2504
cell_15_07,2024-03-01,2024-04-01,21.57486832321354,8.88245544433596,36.07598266601565,39.4606408415612,2.507407637498214,7.336053642667507,744,28.5501,77.2504
cell_15_08,2024-03-01,2024-04-01,21.57486832321354,8.88245544433596,36.07598266601565,39.4606408415612,2.507407637498214,7.336053642667507,744,28.5501,77.2504
cell_15_09,2024-03-01,2024-04-01,21.57486832321354,8.88245544433596,36.07598266601565,39.4606408415612,2.507407637498214,7.336053642667507,744,28.5501,77.2504
cell_15_10,2024-03-01,2024-04-01,21.555872607487732,8.98206481933596,36.00371704101565,40.518086844521406,2.502331748963781,7.262026646144573,744,28.5501,77.3504
cell_15_11,2024-03-01,2024-04-01,21.555872607487732,8.98206481933596,36.00371704101565,40.518086844521406,2.502331748963781,7.262026646144573,744,28.5501,77.3504
cell_15_12,2024-03-01,2024-04-01,21.555872607487732,8.98206481933596,36.00371704101565,40.518086844521406,2.502331748963781,7.262026646144573,744,28.5501,77.3504
cell_15_13,2024-03-01,2024-04-01,21.555872607487732,8.98206481933596,36.00371704101565,40.518086844521406,2.502331748963781,7.262026646144573,744,28.5501,77.3504
cell_15_14,2024-03-01,2024-04-01,21.555872607487732,8.98206481933596,36.00371704101565,40.518086844521406,2.502331748963781,7.262026646144573,744,28.5501,77.3504
cell_15_15,2024-03-01,2024-04-01,21.555872607487732,8.98206481933596,36.00371704101565,40.518086844521406,2.502331748963781,7.262026646144573,744,28.5501,77.3504
cell_15_16,2024-03-01,2024-04-01,21.555872607487732,8.98206481933596,36.00371704101565,40.518086844521406,2.502331748963781,7.262026646144573,744,28.5501,77.3504
cell_15_17,2024-03-01,2024-04-01,21.555872607487732,8.98206481933596,36.00371704101565,40.518086844521406,2.502331748963781,7.262026646144573,744,28.5501,77.3504
cell_15_18,2024-03-01,2024-04-01,21.555872607487732,8.98206481933596,36.00371704101565,40.518086844521406,2.502331748963781,7.262026646144573,744,28.5501,77.3504
cell_15_19,2024-03-01,2024-04-01,21.555872607487732,8.98206481933596,36.00371704101565,40.518086844521406,2.502331748963781,7.262026646144573,744,28.5501,77.3504
cell_16_00,2024-03-01,2024-04-01,21.57486832321354,8.88245544433596,36.07598266601565,39.4606408415612,2.507407637498214,7.336053642667507,744,28.5501,77.2504
cell_16_01,2024-03-01,2024-04-01,21.57486832321354,8.88245544433596,36.07598266601565,39.4606408415612,2.507407637498214,7.336053642667507,744,28.5501,77.2504
cell_16_02,2024-03-01,2024-04-01,21.57486832321354,8.88245544433596,36.07598266601565,39.4606408415612,2.507407637498214,7.336053642667507,744,28.5501,77.2504
cell_16_03,2024-03-01,2024-04-01,21.57486832321354,8.88245544433596,36.07598266601565,39.4606408415612,2.507407637498214,7.336053642667507,744,28.5501,77.2504
cell_16_04,2024-03-01,2024-04-01,21.57486832321354,8.88245544433596,36.07598266601565,39.4606408415612,2.507407637498214,7.336053642667507,744,28.5501,77.2504
cell_16_05,2024-03-01,2024-04-01,21.57486832321354,8.88245544433596,36.07598266601565,39.4606408415612,2.507407637498214,7.336053642667507,744,28.5501,77.2504
cell_16_06,2024-03-01,2024-04-01,21.57486832321354,8.88245544433596,36.07598266601565,39.4606408415612,2.507407637498214,7.336053642667507,744,28.5501,77.2504
cell_16_07,2024-03-01,2024-04-01,21.57486832321354,8.88245544433596,36.07598266601565,39.4606408415612,2.507407637498214,7.336053642667507,744,28.5501,77.2504
cell_16_08,2024-03-01,2024-04-01,21.57486832321354,8.88245544433596,36.07598266601565,39.4606408415612,2.507407637498214,7.336053642667507,744,28.5501,77.2504
cell_16_09,2024-03-01,2024-04-01,21.57486832321354,8.88245544433596,36.07598266601565,39.4606408415612,2.507407637498214,7.336053642667507,744,28.5501,77.2504
cell_16_10,2024-03-01,2024-04-01,21.555872607487732,8.98206481933596,36.00371704101565,40.518086844521406,2.502331748963781,7.262026646144573,744,28.5501,77.3504
cell_16_11,2024-03-01,2024-04-01,21.555872607487732,8.98206481933596,36.00371704101565,40.518086844521406,2.502331748963781,7.262026646144573,744,28.5501,77.3504
cell_16_12,2024-03-01,2024-04-01,21.555872607487732,8.98206481933596,36.00371704101565,40.518086844521406,2.502331748963781,7.262026646144573,744,28.5501,77.3504
cell_16_13,2024-03-01,2024-04-01,21.555872607487732,8.98206481933596,36.00371704101565,40.518086844521406,2.502331748963781,7.262026646144573,744,28.5501,77.3504
cell_16_14,2024-03-01,2024-04-01,21.555872607487732,8.98206481933596,36.00371704101565,40.518086844521406,2.502331748963781,7.262026646144573,744,28.5501,77.3504
cell_16_15,2024-03-01,2024-04-01,21.555872607487732,8.98206481933596,36.00371704101565,40.518086844521406,2.502331748963781,7.262026646144573,744,28.5501,77.3504
cell_16_16,2024-03-01,2024-04-01,21.555872607487732,8.98206481933596,36.00371704101565,40.518086844521406,2.502331748963781,7.262026646144573,744,28.5501,77.3504
cell_16_17,2024-03-01,2024-04-01,21.555872607487732,8.98206481933596,36.00371704101565,40.518086844521406,2.502331748963781,7.262026646144573,744,28.5501,77.3504
cell_16_18,2024-03-01,2024-04-01,21.555872607487732,8.98206481933596,36.00371704101565,40.518086844521406,2.502331748963781,7.262026646144573,744,28.5501,77.3504
cell_16_19,2024-03-01,2024-04-01,21.555872607487732,8.98206481933596,36.00371704101565,40.518086844521406,2.502331748963781,7.262026646144573,744,28.5501,77.3504
cell_17_00,2024-03-01,2024-04-01,21.57486832321354,8.88245544433596,36.07598266601565,39.4606408415612,2.507407637498214,7.336053642667507,744,28.5501,77.2504
cell_17_01,2024-03-01,2024-04-01,21.57486832321354,8.88245544433596,36.07598266601565,39.4606408415612,2.507407637498214,7.336053642667507,744,28.5501,77.2504
cell_17_02,2024-03-01,2024-04-01,21.57486832321354,8.88245544433596,36.07598266601565,39.4606408415612,2.507407637498214,7.336053642667507,744,28.5501,77.2504
cell_17_03,2024-03-01,2024-04-01,21.57486832321354,8.88245544433596,36.07598266601565,39.4606408415612,2.507407637498214,7.336053642667507,744,28.5501,77.2504
cell_17_04,2024-03-01,2024-04-01,21.57486832321354,8.88245544433596,36.07598266601565,39.4606408415612,2.507407637498214,7.336053642667507,744,28.5501,77.2504
cell_17_05,2024-03-01,2024-04-01,21.57486832321354,8.88245544433596,36.07598266601565,39.4606408415612,2.507407637498214,7.336053642667507,744,28.5501,77.2504
cell_17_06,2024-03-01,2024-04-01,21.57486832321354,8.88245544433596,36.07598266601565,39.4606408415612,2.507407637498214,7.336053642667507,744,28.5501,77.2504
cell_17_07,2024-03-01,2024-04-01,21.57486832321354,8.88245544433596,36.07598266601565,39.4606408415612,2.507407637498214,7.336053642667507,744,28.5501,77.2504
cell_17_08,2024-03-01,2024-04-01,21.57486832321354,8.88245544433596,36.07598266601565,39.4606408415612,2.507407637498214,7.336053642667507,744,28.5501,77.2504
cell_17_09,2024-03-01,2024-04-01,21.57486832321354,8.88245544433596,36.07598266601565,39.4606408415612,2.507407637498214,7.336053642667507,744,28.5501,77.2504
cell_17_10,2024-03-01,2024-04-01,21.555872607487732,8.98206481933596,36.00371704101565,40.518086844521406,2.502331748963781,7.262026646144573,744,28.5501,77.3504
cell_17_11,2024-03-01,2024-04-01,21.555872607487732,8.98206481933596,36.00371704101565,40.518086844521406,2.502331748963781,7.262026646144573,744,28.5501,77.3504
cell_17_12,2024-03-01,2024-04-01,21.555872607487732,8.98206481933596,36.00371704101565,40.518086844521406,2.502331748963781,7.262026646144573,744,28.5501,77.3504
cell_17_13,2024-03-01,2024-04-01,21.555872607487732,8.98206481933596,36.00371704101565,40.518086844521406,2.502331748963781,7.262026646144573,744,28.5501,77.3504
cell_17_14,2024-03-01,2024-04-01,21.555872607487732,8.98206481933596,36.00371704101565,40.518086844521406,2.502331748963781,7.262026646144573,744,28.5501,77.3504
cell_17_15,2024-03-01,2024-04-01,21.555872607487732,8.98206481933596,36.00371704101565,40.518086844521406,2.502331748963781,7.262026646144573,744,28.5501,77.3504
cell_17_16,2024-03-01,2024-04-01,21.555872607487732,8.98206481933596,36.00371704101565,40.518086844521406,2.502331748963781,7.262026646144573,744,28.5501,77.3504
cell_17_17,2024-03-01,2024-04-01,21.555872607487732,8.98206481933596,36.00371704101565,40.518086844521406,2.502331748963781,7.262026646144573,744,28.5501,77.3504
cell_17_18,2024-03-01,2024-04-01,21.555872607487732,8.98206481933596,36.00371704101565,40.518086844521406,2.502331748963781,7.262026646144573,744,28.5501,77.3504
cell_17_19,2024-03-01,2024-04-01,21.555872607487732,8.98206481933596,36.00371704101565,40.518086844521406,2.502331748963781,7.262026646144573,744,28.5501,77.3504
cell_18_00,2024-03-01,2024-04-01,21.57486832321354,8.88245544433596,36.07598266601565,39.4606408415612,2.507407637498214,7.336053642667507,744,28.5501,77.2504
cell_18_01,2024-03-01,2024-04-01,21.57486832321354,8.88245544433596,36.07598266601565,39.4606408415612,2.507407637498214,7.336053642667507,744,28.5501,77.2504
cell_18_02,2024-03-01,2024-04-01,21.57486832321354,8.88245544433596,36.07598266601565,39.4606408415612,2.507407637498214,7.336053642667507,744,28.5501,77.2504
cell_18_03,2024-03-01,2024-04-01,21.57486832321354,8.88245544433596,36.07598266601565,39.4606408415612,2.507407637498214,7.336053642667507,744,28.5501,77.2504
cell_18_04,2024-03-01,2024-04-01,21.57486832321354,8.88245544433596,36.07598266601565,39.4606408415612,2.507407637498214,7.336053642667507,744,28.5501,77.2504
cell_18_05,2024-03-01,2024-04-01,21.57486832321354,8.88245544433596,36.07598266601565,39.4606408415612,2.507407637498214,7.336053642667507,744,28.5501,77.2504
cell_18_06,2024-03-01,2024-04-01,21.57486832321354,8.88245544433596,36.07598266601565,39.4606408415612,2.507407637498214,7.336053642667507,744,28.5501,77.2504
cell_18_07,2024-03-01,2024-04-01,21.57486832321354,8.88245544433596,36.07598266601565,39.4606408415612,2.507407637498214,7.336053642667507,744,28.5501,77.2504
cell_18_08,2024-03-01,2024-04-01,21.57486832321354,8.88245544433596,36.07598266601565,39.4606408415612,2.507407637498214,7.336053642667507,744,28.5501,77.2504
cell_18_09,2024-03-01,2024-04-01,21.57486832321354,8.88245544433596,36.07598266601565,39.4606408415612,2.507407637498214,7.336053642667507,744,28.5501,77.2504
cell_18_10,2024-03-01,2024-04-01,21.555872607487732,8.98206481933596,36.00371704101565,40.518086844521406,2.502331748963781,7.262026646144573,744,28.5501,77.3504
cell_18_11,2024-03-01,2024-04-01,21.555872607487732,8.98206481933596,36.00371704101565,40.518086844521406,2.502331748963781,7.262026646144573,744,28.5501,77.3504
cell_18_12,2024-03-01,2024-04-01,21.555872607487732,8.98206481933596,36.00371704101565,40.518086844521406,2.502331748963781,7.262026646144573,744,28.5501,77.3504
cell_18_13,2024-03-01,2024-04-01,21.555872607487732,8.98206481933596,36.00371704101565,40.518086844521406,2.502331748963781,7.262026646144573,744,28.5501,77.3504
cell_18_14,2024-03-01,2024-04-01,21.555872607487732,8.98206481933596,36.00371704101565,40.518086844521406,2.502331748963781,7.262026646144573,744,28.5501,77.3504
cell_18_15,2024-03-01,2024-04-01,21.555872607487732,8.98206481933596,36.00371704101565,40.518086844521406,2.502331748963781,7.262026646144573,744,28.5501,77.3504
cell_18_16,2024-03-01,2024-04-01,21.555872607487732,8.98206481933596,36.00371704101565,40.518086844521406,2.502331748963781,7.262026646144573,744,28.5501,77.3504
cell_18_17,2024-03-01,2024-04-01,21.555872607487732,8.98206481933596,36.00371704101565,40.518086844521406,2.502331748963781,7.262026646144573,744,28.5501,77.3504
cell_18_18,2024-03-01,2024-04-01,21.555872607487732,8.98206481933596,36.00371704101565,40.518086844521406,2.502331748963781,7.262026646144573,744,28.5501,77.3504
cell_18_19,2024-03-01,2024-04-01,21.555872607487732,8.98206481933596,36.00371704101565,40.518086844521406,2.502331748963781,7.262026646144573,744,28.5501,77.3504
cell_19_00,2024-03-01,2024-04-01,21.57486832321354,8.88245544433596,36.07598266601565,39.4606408415612,2.507407637498214,7.336053642667507,744,28.5501,77.2504
cell_19_01,2024-03-01,2024-04-01,21.57486832321354,8.88245544433596,36.07598266601565,39.4606408415612,2.507407637498214,7.336053642667507,744,28.5501,77.2504
cell_19_02,2024-03-01,2024-04-01,21.57486832321354,8.88245544433596,36.07598266601565,39.4606408415612,2.507407637498214,7.336053642667507,744,28.5501,77.2504
cell_19_03,2024-03-01,2024-04-01,21.57486832321354,8.88245544433596,36.07598266601565,39.4606408415612,2.507407637498214,7.336053642667507,744,28.5501,77.2504
cell_19_04,2024-03-01,2024-04-01,21.57486832321354,8.88245544433596,36.07598266601565,39.4606408415612,2.507407637498214,7.336053642667507,744,28.5501,77.2504
cell_19_05,2024-03-01,2024-04-01,21.57486832321354,8.88245544433596,36.07598266601565,39.4606408415612,2.507407637498214,7.336053642667507,744,28.5501,77.2504
cell_19_06,2024-03-01,2024-04-01,21.57486832321354,8.88245544433596,36.07598266601565,39.4606408415612,2.507407637498214,7.336053642667507,744,28.5501,77.2504
cell_19_07,2024-03-01,2024-04-01,21.57486832321354,8.88245544433596,36.07598266601565,39.4606408415612,2.507407637498214,7.336053642667507,744,28.5501,77.2504
cell_19_08,2024-03-01,2024-04-01,21.57486832321354,8.88245544433596,36.07598266601565,39.4606408415612,2.507407637498214,7.336053642667507,744,28.5501,77.2504
cell_19_09,2024-03-01,2024-04-01,21.57486832321354,8.88245544433596,36.07598266601565,39.4606408415612,2.507407637498214,7.336053642667507,744,28.5501,77.2504
cell_19_10,2024-03-01,2024-04-01,21.555872607487732,8.98206481933596,36.00371704101565,40.518086844521406,2.502331748963781,7.262026646144573,744,28.5501,77.3504
cell_19_11,2024-03-01,2024-04-01,21.555872607487732,8.98206481933596,36.00371704101565,40.518086844521406,2.502331748963781,7.262026646144573,744,28.5501,77.3504
cell_19_12,2024-03-01,2024-04-01,21.555872607487732,8.98206481933596,36.00371704101565,40.518086844521406,2.502331748963781,7.262026646144573,744,28.5501,77.3504
cell_19_13,2024-03-01,2024-04-01,21.555872607487732,8.98206481933596,36.00371704101565,40.518086844521406,2.502331748963781,7.262026646144573,744,28.5501,77.3504
cell_19_14,2024-03-01,2024-04-01,21.555872607487732,8.98206481933596,36.00371704101565,40.518086844521406,2.502331748963781,7.262026646144573,744,28.5501,77.3504
cell_19_15,2024-03-01,2024-04-01,21.555872607487732,8.98206481933596,36.00371704101565,40.518086844521406,2.502331748963781,7.262026646144573,744,28.5501,77.3504
cell_19_16,2024-03-01,2024-04-01,21.555872607487732,8.98206481933596,36.00371704101565,40.518086844521406,2.502331748963781,7.262026646144573,744,28.5501,77.3504
cell_19_17,2024-03-01,2024-04-01,21.555872607487732,8.98206481933596,36.00371704101565,40.518086844521406,2.502331748963781,7.262026646144573,744,28.5501,77.3504
cell_19_18,2024-03-01,2024-04-01,21.555872607487732,8.98206481933596,36.00371704101565,40.518086844521406,2.502331748963781,7.262026646144573,744,28.5501,77.3504
cell_19_19,2024-03-01,2024-04-01,21.555872607487732,8.98206481933596,36.00371704101565,40.518086844521406,2.502331748963781,7.262026646144573,744,28.5501,77.3504
cell_20_00,2024-03-01,2024-04-01,21.57486832321354,8.88245544433596,36.07598266601565,39.4606408415612,2.507407637498214,7.336053642667507,744,28.5501,77.2504
cell_20_01,2024-03-01,2024-04-01,21.57486832321354,8.88245544433596,36.07598266601565,39.4606408415612,2.507407637498214,7.336053642667507,744,28.5501,77.2504
cell_20_02,2024-03-01,2024-04-01,21.57486832321354,8.88245544433596,36.07598266601565,39.4606408415612,2.507407637498214,7.336053642667507,744,28.5501,77.2504
cell_20_03,2024-03-01,2024-04-01,21.57486832321354,8.88245544433596,36.07598266601565,39.4606408415612,2.507407637498214,7.336053642667507,744,28.5501,77.2504
cell_20_04,2024-03-01,2024-04-01,21.57486832321354,8.88245544433596,36.07598266601565,39.4606408415612,2.507407637498214,7.336053642667507,744,28.5501,77.2504
cell_20_05,2024-03-01,2024-04-01,21.57486832321354,8.88245544433596,36.07598266601565,39.4606408415612,2.507407637498214,7.336053642667507,744,28.5501,77.2504
cell_20_06,2024-03-01,2024-04-01,21.57486832321354,8.88245544433596,36.07598266601565,39.4606408415612,2.507407637498214,7.336053642667507,744,28.5501,77.2504
cell_20_07,2024-03-01,2024-04-01,21.57486832321354,8.88245544433596,36.07598266601565,39.4606408415612,2.507407637498214,7.336053642667507,744,28.5501,77.2504
cell_20_08,2024-03-01,2024-04-01,21.57486832321354,8.88245544433596,36.07598266601565,39.4606408415612,2.507407637498214,7.336053642667507,744,28.5501,77.2504
cell_20_09,2024-03-01,2024-04-01,21.57486832321354,8.88245544433596,36.07598266601565,39.4606408415612,2.507407637498214,7.336053642667507,744,28.5501,77.2504
cell_20_10,2024-03-01,2024-04-01,21.555872607487732,8.98206481933596,36.00371704101565,40.518086844521406,2.502331748963781,7.262026646144573,744,28.5501,77.3504
cell_20_11,2024-03-01,2024-04-01,21.555872607487732,8.98206481933596,36.00371704101565,40.518086844521406,2.502331748963781,7.262026646144573,744,28.5501,77.3504
cell_20_12,2024-03-01,2024-04-01,21.555872607487732,8.98206481933596,36.00371704101565,40.518086844521406,2.502331748963781,7.262026646144573,744,28.5501,77.3504
cell_20_13,2024-03-01,2024-04-01,21.555872607487732,8.98206481933596,36.00371704101565,40.518086844521406,2.502331748963781,7.262026646144573,744,28.5501,77.3504
cell_20_14,2024-03-01,2024-04-01,21.555872607487732,8.98206481933596,36.00371704101565,40.518086844521406,2.502331748963781,7.262026646144573,744,28.5501,77.3504
cell_20_15,2024-03-01,2024-04-01,21.555872607487732,8.98206481933596,36.00371704101565,40.518086844521406,2.502331748963781,7.262026646144573,744,28.5501,77.3504
cell_20_16,2024-03-01,2024-04-01,21.555872607487732,8.98206481933596,36.00371704101565,40.518086844521406,2.502331748963781,7.262026646144573,744,28.5501,77.3504
cell_20_17,2024-03-01,2024-04-01,21.555872607487732,8.98206481933596,36.00371704101565,40.518086844521406,2.502331748963781,7.262026646144573,744,28.5501,77.3504
cell_20_18,2024-03-01,2024-04-01,21.555872607487732,8.98206481933596,36.00371704101565,40.518086844521406,2.502331748963781,7.262026646144573,744,28.5501,77.3504
cell_20_19,2024-03-01,2024-04-01,21.555872607487732,8.98206481933596,36.00371704101565,40.518086844521406,2.502331748963781,7.262026646144573,744,28.5501,77.3504
cell_21_00,2024-03-01,2024-04-01,21.57486832321354,8.88245544433596,36.07598266601565,39.4606408415612,2.507407637498214,7.336053642667507,744,28.5501,77.2504
cell_21_01,2024-03-01,2024-04-01,21.57486832321354,8.88245544433596,36.07598266601565,39.4606408415612,2.507407637498214,7.336053642667507,744,28.5501,77.2504
cell_21_02,2024-03-01,2024-04-01,21.57486832321354,8.88245544433596,36.07598266601565,39.4606408415612,2.507407637498214,7.336053642667507,744,28.5501,77.2504
cell_21_03,2024-03-01,2024-04-01,21.57486832321354,8.88245544433596,36.07598266601565,39.4606408415612,2.507407637498214,7.336053642667507,744,28.5501,77.2504
cell_21_04,2024-03-01,2024-04-01,21.57486832321354,8.88245544433596,36.07598266601565,39.4606408415612,2.507407637498214,7.336053642667507,744,28.5501,77.2504
cell_21_05,2024-03-01,2024-04-01,21.57486832321354,8.88245544433596,36.07598266601565,39.4606408415612,2.507407637498214,7.336053642667507,744,28.5501,77.2504
cell_21_06,2024-03-01,2024-04-01,21.57486832321354,8.88245544433596,36.07598266601565,39.4606408415612,2.507407637498214,7.336053642667507,744,28.5501,77.2504
cell_21_07,2024-03-01,2024-04-01,21.57486832321354,8.88245544433596,36.07598266601565,39.4606408415612,2.507407637498214,7.336053642667507,744,28.5501,77.2504
cell_21_08,2024-03-01,2024-04-01,21.57486832321354,8.88245544433596,36.07598266601565,39.4606408415612,2.507407637498214,7.336053642667507,744,28.5501,77.2504
cell_21_09,2024-03-01,2024-04-01,21.57486832321354,8.88245544433596,36.07598266601565,39.4606408415612,2.507407637498214,7.336053642667507,744,28.5501,77.2504
cell_21_10,2024-03-01,2024-04-01,21.555872607487732,8.98206481933596,36.00371704101565,40.518086844521406,2.502331748963781,7.262026646144573,744,28.5501,77.3504
cell_21_11,2024-03-01,2024-04-01,21.555872607487732,8.98206481933596,36.00371704101565,40.518086844521406,2.502331748963781,7.262026646144573,744,28.5501,77.3504
cell_21_12,2024-03-01,2024-04-01,21.555872607487732,8.98206481933596,36.00371704101565,40.518086844521406,2.502331748963781,7.262026646144573,744,28.5501,77.3504
cell_21_13,2024-03-01,2024-04-01,21.555872607487732,8.98206481933596,36.00371704101565,40.518086844521406,2.502331748963781,7.262026646144573,744,28.5501,77.3504
cell_21_14,2024-03-01,2024-04-01,21.555872607487732,8.98206481933596,36.00371704101565,40.518086844521406,2.502331748963781,7.262026646144573,744,28.5501,77.3504
cell_21_15,2024-03-01,2024-04-01,21.555872607487732,8.98206481933596,36.00371704101565,40.518086844521406,2.502331748963781,7.262026646144573,744,28.5501,77.3504
cell_21_16,2024-03-01,2024-04-01,21.555872607487732,8.98206481933596,36.00371704101565,40.518086844521406,2.502331748963781,7.262026646144573,744,28.5501,77.3504
cell_21_17,2024-03-01,2024-04-01,21.555872607487732,8.98206481933596,36.00371704101565,40.518086844521406,2.502331748963781,7.262026646144573,744,28.5501,77.3504
cell_21_18,2024-03-01,2024-04-01,21.555872607487732,8.98206481933596,36.00371704101565,40.518086844521406,2.502331748963781,7.262026646144573,744,28.5501,77.3504
cell_21_19,2024-03-01,2024-04-01,21.555872607487732,8.98206481933596,36.00371704101565,40.518086844521406,2.502331748963781,7.262026646144573,744,28.5501,77.3504
cell_22_00,2024-03-01,2024-04-01,21.57486832321354,8.88245544433596,36.07598266601565,39.4606408415612,2.507407637498214,7.336053642667507,744,28.5501,77.2504
cell_22_01,2024-03-01,2024-04-01,21.57486832321354,8.88245544433596,36.07598266601565,39.4606408415612,2.507407637498214,7.336053642667507,744,28.5501,77.2504
cell_22_02,2024-03-01,2024-04-01,21.57486832321354,8.88245544433596,36.07598266601565,39.4606408415612,2.507407637498214,7.336053642667507,744,28.5501,77.2504
cell_22_03,2024-03-01,2024-04-01,21.57486832321354,8.88245544433596,36.07598266601565,39.4606408415612,2.507407637498214,7.336053642667507,744,28.5501,77.2504
cell_22_04,2024-03-01,2024-04-01,21.57486832321354,8.88245544433596,36.07598266601565,39.4606408415612,2.507407637498214,7.336053642667507,744,28.5501,77.2504
cell_22_05,2024-03-01,2024-04-01,21.57486832321354,8.88245544433596,36.07598266601565,39.4606408415612,2.507407637498214,7.336053642667507,744,28.5501,77.2504
cell_22_06,2024-03-01,2024-04-01,21.57486832321354,8.88245544433596,36.07598266601565,39.4606408415612,2.507407637498214,7.336053642667507,744,28.5501,77.2504
cell_22_07,2024-03-01,2024-04-01,21.57486832321354,8.88245544433596,36.07598266601565,39.4606408415612,2.507407637498214,7.336053642667507,744,28.5501,77.2504
cell_22_08,2024-03-01,2024-04-01,21.57486832321354,8.88245544433596,36.07598266601565,39.4606408415612,2.507407637498214,7.336053642667507,744,28.5501,77.2504
cell_22_09,2024-03-01,2024-04-01,21.57486832321354,8.88245544433596,36.07598266601565,39.4606408415612,2.507407637498214,7.336053642667507,744,28.5501,77.2504
cell_22_10,2024-03-01,2024-04-01,21.555872607487732,8.98206481933596,36.00371704101565,40.518086844521406,2.502331748963781,7.262026646144573,744,28.5501,77.3504
cell_22_11,2024-03-01,2024-04-01,21.555872607487732,8.98206481933596,36.00371704101565,40.518086844521406,2.502331748963781,7.262026646144573,744,28.5501,77.3504
cell_22_12,2024-03-01,2024-04-01,21.555872607487732,8.98206481933596,36.00371704101565,40.518086844521406,2.502331748963781,7.262026646144573,744,28.5501,77.3504
cell_22_13,2024-03-01,2024-04-01,21.555872607487732,8.98206481933596,36.00371704101565,40.518086844521406,2.502331748963781,7.262026646144573,744,28.5501,77.3504
cell_22_14,2024-03-01,2024-04-01,21.555872607487732,8.98206481933596,36.00371704101565,40.518086844521406,2.502331748963781,7.262026646144573,744,28.5501,77.3504
cell_22_15,2024-03-01,2024-04-01,21.555872607487732,8.98206481933596,36.00371704101565,40.518086844521406,2.502331748963781,7.262026646144573,744,28.5501,77.3504
cell_22_16,2024-03-01,2024-04-01,21.555872607487732,8.98206481933596,36.00371704101565,40.518086844521406,2.502331748963781,7.262026646144573,744,28.5501,77.3504
cell_22_17,2024-03-01,2024-04-01,21.555872607487732,8.98206481933596,36.00371704101565,40.518086844521406,2.502331748963781,7.262026646144573,744,28.5501,77.3504
cell_22_18,2024-03-01,2024-04-01,21.555872607487732,8.98206481933596,36.00371704101565,40.518086844521406,2.502331748963781,7.262026646144573,744,28.5501,77.3504
cell_22_19,2024-03-01,2024-04-01,21.555872607487732,8.98206481933596,36.00371704101565,40.518086844521406,2.502331748963781,7.262026646144573,744,28.5501,77.3504
