cell_id,start_date,end_date,ndvi_mean,ndbi_mean,ndwi_mean,ndvi_std,ndbi_std,ndwi_std,valid_pixel_count,valid_pixel_fraction
cell_00_00,2024-03-01,2024-03-31,0.09872207475810219,0.040571829963344214,-0.16470927342679553,0.06844187379863621,0.03472158173139942,0.06340063490889604,629,1.0
cell_00_01,2024-03-01,2024-03-31,0.3869044207411526,-0.03267231022969183,-0.3989488264470867,0.24252432525030898,0.09551612436204447,0.1817118485653612,642,1.0
cell_00_02,2024-03-01,2024-03-31,0.5628681148121463,-0.07004019253339211,-0.5413666925119593,0.131952442072739,0.09648346839962242,0.07304819162145745,632,1.0
cell_00_03,2024-03-01,2024-03-31,0.5314093997997504,-0.05901166408384311,-0.5041406442737602,0.13550284470530685,0.11464105755309378,0.07915431667126209,640,1.0
cell_00_04,2024-03-01,2024-03-31,0.5319059378749664,-0.06272240863423213,-0.5020709309326638,0.11501166145612014,0.06693752362500742,0.0716963324420038,634,1.0
cell_00_05,2024-03-01,2024-03-31,0.4349138527372156,-0.04223490836367337,-0.44386426077626173,0.1660830705227949,0.0788927063655486,0.12368881043455181,637,1.0
cell_00_06,2024-03-01,2024-03-31,0.29880906667579166,-0.03284012654126011,-0.32506779280719394,0.21155808803816323,0.09952755820354318,0.16204978267411432,638,1.0
cell_00_07,2024-03-01,2024-03-31,0.2646335379170159,-0.01107712061161138,-0.31501734591299974,0.1843503853262914,0.08296311115847578,0.14682905133336208,635,1.0
cell_00_08,2024-03-01,2024-03-31,0.2841349688909141,-0.018135655466084408,-0.3436934773867031,0.1606850749396252,0.06831228435168735,0.12895928946473822,640,1.0
cell_00_09,2024-03-01,2024-03-31,0.199791212244957,0.015283773914855033,-0.2763595776187007,0.12405755784634345,0.058276928115178366,0.09747576959848252,632,1.0
cell_00_10,2024-03-01,2024-03-31,0.2428106115419052,-0.004209945354699024,-0.2834322632093324,0.22067139211900644,0.09342118506605596,0.18185175466453118,643,1.0
cell_00_11,2024-03-01,2024-03-31,0.36971439806805256,0.05571370622758477,-0.4451265608716606,0.13410708118161516,0.07837384271624069,0.10333483059743363,630,1.0
cell_00_12,2024-03-01,2024-03-31,0.29273568877763884,0.0096622942874528,-0.34229224450285267,0.18913060296181936,0.07769034341460228,0.16664303072644887,645,1.0
cell_00_13,2024-03-01,2024-03-31,0.15298126270568196,0.047303126018500466,-0.22405902982549553,0.09485488048792018,0.05199389402692327,0.0875891827674017,627,1.0
cell_00_14,2024-03-01,2024-03-31,0.12575640527546664,0.04193685430458513,-0.18802517780602512,0.07293304467862992,0.03631293117925304,0.06591033505338345,648,1.0
cell_00_15,2024-03-01,2024-03-31,0.10370255263474937,0.042874025540602885,-0.1690925289399587,0.04529215150362068,0.02934456905417096,0.0445568607138021,625,1.0
cell_00_16,2024-03-01,2024-03-31,0.08706685903581003,0.031793001281064555,-0.15045497240101452,0.03376902743623046,0.025641757019682535,0.031205843939403073,650,1.0
cell_00_17,2024-03-01,2024-03-31,0.11855296002049123,0.03786974069741294,-0.18501995003763153,0.06739629144260287,0.03671659920515678,0.05867519300762387,625,1.0
cell_00_18,2024-03-01,2024-03-31,0.2024706538025694,0.02287475515251488,-0.2646808056978693,0.13066124800888193,0.07349477423873925,0.11075642101334678,647,1.0
cell_00_19,2024-03-01,2024-03-31,0.42174651615496034,-0.11306081480086505,-0.4338570346281602,0.17856306241576553,0.13710126765397185,0.13991096518904622,628,1.0
cell_01_00,2024-03-01,2024-03-31,0.13935053610310047,0.035471869768863025,-0.19569746022763912,0.1296758155646646,0.05113077696137359,0.11397004311443278,646,1.0
cell_01_01,2024-03-01,2024-03-31,0.28990422903166696,0.019501540316447994,-0.32134279613203626,0.17711844516298475,0.09732795742099061,0.14687814842591215,629,1.0
cell_01_02,2024-03-01,2024-03-31,0.39672000568694454,-0.031053153499677747,-0.43334724980058187,0.18498906156510778,0.10241384857948996,0.1391220124776866,643,1.0
cell_01_03,2024-03-01,2024-03-31,0.492236494040422,-0.06589743508590053,-0.4940409900083109,0.13684016710199579,0.0919794592230589,0.08389960792644462,632,1.0
cell_01_04,2024-03-01,2024-03-31,0.48897774114784137,-0.09800054775509423,-0.4772712213931432,0.18281805853525984,0.09083062107070752,0.1300907379846811,640,1.0
cell_01_05,2024-03-01,2024-03-31,0.4495221804939532,-0.04645083321491986,-0.45395728303626365,0.17384597272070942,0.0763146570682762,0.12022206785024647,635,1.0
cell_01_06,2024-03-01,2024-03-31,0.26199228683534104,0.015368422703151247,-0.3126156077210953,0.22888116543547804,0.10756807466090035,0.1773307659575474,638,1.0
cell_01_07,2024-03-01,2024-03-31,0.23258291836510314,0.010635889334181902,-0.2971853769353331,0.17229328050039497,0.08859975824730806,0.12905487431853133,637,1.0
cell_01_08,2024-03-01,2024-03-31,0.29786737950122166,0.016863962734642295,-0.3522217198385812,0.14334056674822232,0.08471406949455117,0.11622939118249542,635,1.0
cell_01_09,2024-03-01,2024-03-31,0.22495339166407685,0.007270835465027477,-0.27902594451596857,0.13504336306331488,0.06472140543543611,0.1102527515724161,640,1.0
cell_01_10,2024-03-01,2024-03-31,0.3751468701668735,-0.0366404296873987,-0.3973737144819957,0.19665836259115282,0.09056879957171203,0.15876556920583754,632,1.0
cell_01_11,2024-03-01,2024-03-31,0.2883269416571485,0.06696855351083222,-0.3721889103429612,0.1659446794283157,0.07830656874811501,0.13192069919848895,643,1.0
cell_01_12,2024-03-01,2024-03-31,0.31059101225352065,-0.0017003129103300568,-0.35119103102601334,0.17886044398940304,0.08374005078310691,0.155816684235681,630,1.0
cell_01_13,2024-03-01,2024-03-31,0.14667399452142596,0.034078147538405316,-0.20076284499355487,0.10444773059342945,0.04726912849431174,0.08523278765666678,644,1.0
cell_01_14,2024-03-01,2024-03-31,0.09691406053447034,0.04319211679095608,-0.16111799106453126,0.047106919064625136,0.03109397227274723,0.040303671171431285,628,1.0
cell_01_15,2024-03-01,2024-03-31,0.11579510244529014,0.03822791748972718,-0.17529474592993513,0.06812017453201517,0.037471448416668156,0.05994540771431122,647,1.0
cell_01_16,2024-03-01,2024-03-31,0.1365314626771316,0.02035902222156132,-0.20274869399730674,0.08687188011631926,0.04676450252980996,0.07693280103395644,625,1.0
cell_01_17,2024-03-01,2024-03-31,0.12834323115032747,0.028777854119697677,-0.19294358389460575,0.09063633812941145,0.05358686551513231,0.07591995788090465,648,1.0
cell_01_18,2024-03-01,2024-03-31,0.2610850162623967,-0.017362039350008684,-0.3103042905271661,0.1407220237042503,0.08062875747677575,0.11282458153965527,625,1.0
cell_01_19,2024-03-01,2024-03-31,0.31205054481005684,-0.0804081028915555,-0.32313087477853175,0.18727079917935618,0.10195693180922973,0.1752647842469533,647,1.0
cell_02_00,2024-03-01,2024-03-31,0.2948068704099587,-0.00967764873651291,-0.34203261976886457,0.16711153469254159,0.07790720284207162,0.13245655660899286,625,1.0
cell_02_01,2024-03-01,2024-03-31,0.41014694736393686,-0.0429520098502,-0.4283141522136485,0.18241775453387535,0.10892371670052467,0.1357844036104619,647,1.0
cell_02_02,2024-03-01,2024-03-31,0.42629192221501894,-0.04046513174819398,-0.4509591193915075,0.16561342994929545,0.10874147407573784,0.11512761027844592,627,1.0
cell_02_03,2024-03-01,2024-03-31,0.25357074000767826,0.0008416564500790027,-0.2892760804962363,0.20920273724596622,0.09106508826219933,0.17088224864011048,645,1.0
cell_02_04,2024-03-01,2024-03-31,0.28854259980249336,0.012952801435675478,-0.3202510751665939,0.17957928976562934,0.0829058810787782,0.14788130213027878,629,1.0
cell_02_05,2024-03-01,2024-03-31,0.43601669263602394,-0.0009484854708906967,-0.4802717194611311,0.14353342595538493,0.10415913879318718,0.07687761896034842,642,1.0
cell_02_06,2024-03-01,2024-03-31,0.18232484023054712,0.07612300074699548,-0.2858559892165485,0.12703204667396387,0.0780208452880716,0.10528153482884818,632,1.0
cell_02_07,2024-03-01,2024-03-31,0.11858217822149829,0.06530974261064507,-0.24650014418581476,0.09773384728922416,0.06900074661305548,0.08474339218216353,639,1.0
cell_02_08,2024-03-01,2024-03-31,0.2328691013168796,0.028080688267909958,-0.30441305901475785,0.16948638700230217,0.07654746872250405,0.13822437248971106,636,1.0
cell_02_09,2024-03-01,2024-03-31,0.1993600901990455,0.005402369668785387,-0.24465175110182122,0.14915140340971086,0.06906080995164601,0.1253433423063098,636,1.0
cell_02_10,2024-03-01,2024-03-31,0.29358266540959216,-0.017726214509843935,-0.33144590766942444,0.20293964427926797,0.09440027697273289,0.16294080981315323,639,1.0
cell_02_11,2024-03-01,2024-03-31,0.618869360218507,-0.12985929807854343,-0.5969514899028739,0.14181623691256168,0.0846999667374449,0.10343526012609712,634,1.0
cell_02_12,2024-03-01,2024-03-31,0.3855488311996417,-0.05978154579432591,-0.40898154137381915,0.2566632824184775,0.10837710160039908,0.20107757320767636,641,1.0
cell_02_13,2024-03-01,2024-03-31,0.18090131658180922,0.014226775247891144,-0.2402175185608916,0.14861545197149958,0.06414058165095131,0.13097016743300227,631,1.0
cell_02_14,2024-03-01,2024-03-31,0.33509917011353674,-0.02955063996290544,-0.379685775204882,0.19652799262207518,0.09985305355737872,0.16499224124234602,644,1.0
cell_02_15,2024-03-01,2024-03-31,0.2761797644232619,-0.001877817048164834,-0.33740453584588415,0.1448523277824843,0.0764277655252614,0.12169839310493863,628,1.0
cell_02_16,2024-03-01,2024-03-31,0.2328791051656482,0.03112782097648626,-0.3046385894706671,0.15514649561168709,0.058367354670309596,0.13876007307126775,647,1.0
cell_02_17,2024-03-01,2024-03-31,0.10516871067808296,0.042987473264621254,-0.1664759080916961,0.08903870864221554,0.0481562774914515,0.07962777402879884,625,1.0
cell_02_18,2024-03-01,2024-03-31,0.29669856652941995,-0.04138367453350772,-0.3361756837479988,0.1753669229486805,0.10810418617228885,0.13582411576210354,649,1.0
cell_02_19,2024-03-01,2024-03-31,0.19933503117547796,-0.040541884608295796,-0.22681133275216486,0.1960871289317593,0.11042973572766587,0.1871844934427413,624,0.9984
cell_03_00,2024-03-01,2024-03-31,0.4139515037679019,-0.04939217144315973,-0.42809276881019476,0.18192994206995936,0.08518307976168132,0.14373815280017727,650,1.0
cell_03_01,2024-03-01,2024-03-31,0.5248251900862538,-0.05675438411603308,-0.5080685658067935,0.14016975443073548,0.08804522744199385,0.09533086702112574,624,0.9984
cell_03_02,2024-03-01,2024-03-31,0.32077830449569034,0.024025813781660764,-0.3645081736771093,0.18841636461414352,0.06921568277204627,0.1511054013150755,648,1.0
cell_03_03,2024-03-01,2024-03-31,0.08470525711986454,0.06123373263760884,-0.14521752791786643,0.05014417243682719,0.03697759451029819,0.04621366523997224,627,1.0
cell_03_04,2024-03-01,2024-03-31,0.27076362605980925,0.03316803945543652,-0.3121067988385138,0.1678200972261119,0.0812443726196538,0.1526937266410032,644,1.0
cell_03_05,2024-03-01,2024-03-31,0.48902534871200365,-0.027741715212489925,-0.5155771486083153,0.14782074617893082,0.1229074916646928,0.07306832509194272,630,1.0
cell_03_06,2024-03-01,2024-03-31,0.2679059432009216,0.012883892167951888,-0.31170509060552376,0.19433959739478374,0.10486860021034988,0.14938461517217683,642,1.0
cell_03_07,2024-03-01,2024-03-31,0.22923602571014906,0.039199675915729086,-0.30312060727249857,0.16238337093888622,0.08410327271475697,0.12179251465689306,633,1.0
cell_03_08,2024-03-01,2024-03-31,0.3435045414026341,0.0024457469489250496,-0.3839373520673973,0.1828980047919948,0.09954296474548,0.1362546169029339,639,1.0
cell_03_09,2024-03-01,2024-03-31,0.2745650153215411,-0.007624658732852086,-0.3116707509013108,0.14726158497820926,0.076107126594534,0.12273950187010532,636,1.0
cell_03_10,2024-03-01,2024-03-31,0.28139167757365713,-0.013685138062494927,-0.3322724697837172,0.17151236366762154,0.09058608844124151,0.13375380571166176,636,1.0
cell_03_11,2024-03-01,2024-03-31,0.3161487132671706,-0.032191526136019666,-0.34304422863555883,0.24203180061938886,0.11136071437668306,0.1921948044335047,638,1.0
cell_03_12,2024-03-01,2024-03-31,0.24485348794948966,-0.039576627816670124,-0.28939226249304717,0.20728541802616307,0.08512548318484271,0.17425340298135844,634,1.0
cell_03_13,2024-03-01,2024-03-31,0.2005537899357499,0.013253840433192722,-0.27568083783843633,0.14066524848676454,0.042329141485810746,0.12868474902011537,641,1.0
cell_03_14,2024-03-01,2024-03-31,0.343905760252483,0.03268237709199603,-0.4070913374400605,0.10252245275559933,0.050616139071658184,0.09046298474292717,630,1.0
cell_03_15,2024-03-01,2024-03-31,0.1759023536993028,0.030633699371272787,-0.265589251003683,0.09901909794943828,0.034942843987372275,0.08878285905898428,644,1.0
cell_03_16,2024-03-01,2024-03-31,0.2693210302945626,0.03754095711831882,-0.3467052237162374,0.13611584551784986,0.0532102051493109,0.1268988707499133,628,1.0
cell_03_17,2024-03-01,2024-03-31,0.26900854657998324,-0.015147665458840371,-0.31197174219804386,0.1940468072918484,0.10049282580506717,0.1636939595470449,647,1.0
cell_03_18,2024-03-01,2024-03-31,0.4227651790860393,-0.13985900280611194,-0.41823715018621954,0.22137927244320785,0.14153043693298312,0.19447764326624367,625,1.0
cell_03_19,2024-03-01,2024-03-31,0.25050501796076563,-0.044171068878145585,-0.28454280137324856,0.21342360069734434,0.1472273789807403,0.19671627644439135,649,1.0
cell_04_00,2024-03-01,2024-03-31,0.5250288682260718,-0.08651372613138406,-0.5018287224395851,0.15536978842500718,0.08099915373604893,0.1093358777185898,627,1.0
cell_04_01,2024-03-01,2024-03-31,0.23703666999647638,-0.013634717740279382,-0.26221258696435074,0.23792637617663773,0.10118079108781482,0.18295463865160608,648,1.0
cell_04_02,2024-03-01,2024-03-31,0.2596312164124294,0.0035254163455852162,-0.3167283843030404,0.21517681556798124,0.10239209580507323,0.14892699473197477,625,1.0
cell_04_03,2024-03-01,2024-03-31,0.24925905935753515,0.0016924091643593638,-0.2848680223414611,0.20320573607637657,0.08460670708485894,0.1551682942798104,648,1.0
cell_04_04,2024-03-01,2024-03-31,0.3486414141311618,-0.022877591549395976,-0.3737627215307852,0.20549199584168457,0.09558522321784155,0.1664972644687263,626,1.0
cell_04_05,2024-03-01,2024-03-31,0.37407309799060595,-0.025093165088897695,-0.40156178216408867,0.19509873910912032,0.09740645937700398,0.15967547917689243,646,1.0
cell_04_06,2024-03-01,2024-03-31,0.19663658638105314,0.018950143684835382,-0.24245866396216884,0.1243842179225926,0.06777165722198455,0.10611476819566737,628,1.0
cell_04_07,2024-03-01,2024-03-31,0.2267745166041497,0.015342094707832793,-0.28833340097524496,0.1904757475514067,0.09201319597887371,0.15358660320952094,643,1.0
cell_04_08,2024-03-01,2024-03-31,0.31317010118988786,-0.00494919348810062,-0.3442465235350322,0.1945479018377659,0.09284783069942568,0.15711802742619957,632,1.0
cell_04_09,2024-03-01,2024-03-31,0.23025904984695633,0.048367543708848576,-0.31155194753416543,0.10831423975784808,0.05477321879163244,0.09853775261010665,640,1.0
cell_04_10,2024-03-01,2024-03-31,0.21147683890179675,0.06488492347140548,-0.31191027625831474,0.11931660554854484,0.06394893128252993,0.09495014421956825,634,1.0
cell_04_11,2024-03-01,2024-03-31,0.15819169071566036,0.029416518908008844,-0.21498238085436153,0.14032589106079782,0.06608261161691374,0.12717710283896996,637,1.0
cell_04_12,2024-03-01,2024-03-31,0.15210056969437177,-0.01905309957560027,-0.20189024181969634,0.1975688197894758,0.0698269374342109,0.17585857055556267,637,1.0
cell_04_13,2024-03-01,2024-03-31,0.21354314013453365,-0.01938234157577531,-0.26310227240284056,0.18935139128525172,0.04786859988825092,0.1768744423126049,635,1.0
cell_04_14,2024-03-01,2024-03-31,0.33085290979596355,-0.02092546958778738,-0.38432775765903016,0.13303066455506343,0.06618449545452887,0.12653888187356566,640,1.0
cell_04_15,2024-03-01,2024-03-31,0.27967729841689065,0.03726435132599306,-0.3588237940301376,0.15052573440914047,0.06420864556896566,0.1283317948128211,632,1.0
cell_04_16,2024-03-01,2024-03-31,0.3953383480741193,-0.01289720092544669,-0.4441373213790658,0.10534611849296308,0.06895901884225786,0.07804946419331944,643,1.0
cell_04_17,2024-03-01,2024-03-31,0.35094417617581997,-0.06843039820296636,-0.3719297621503984,0.18980387811302413,0.11431178004910514,0.16230079870520484,629,1.0
cell_04_18,2024-03-01,2024-03-31,0.3273607078528891,-0.1943244919332323,-0.32847289082275544,0.3004893824102282,0.15757272079931264,0.27059865652512627,646,1.0
cell_04_19,2024-03-01,2024-03-31,0.5803307321515695,-0.24453914853061717,-0.5665592344165631,0.23363924418898804,0.18366786634223828,0.1838509001256865,626,1.0
cell_05_00,2024-03-01,2024-03-31,0.4507279122937886,-0.09391205877588596,-0.43916543568403893,0.19050256364581936,0.0747126969584348,0.14657912243022903,644,1.0
cell_05_01,2024-03-01,2024-03-31,0.16775685659966777,0.0036885690857689415,-0.21038207178760818,0.17637015009451468,0.08388622960329753,0.1395174791772848,626,1.0
cell_05_02,2024-03-01,2024-03-31,0.2973943353373174,-0.03931462359114514,-0.3221632340991504,0.20998384072390408,0.09872539995493354,0.16282072362466593,647,1.0
cell_05_03,2024-03-01,2024-03-31,0.5367098646173916,-0.09256626873660898,-0.5124215634758987,0.14266548909510054,0.1119898587459553,0.08620584078460346,624,0.9984
cell_05_04,2024-03-01,2024-03-31,0.4837509951977053,-0.05625848106078854,-0.4923155875860881,0.1651193393074168,0.11597665985462725,0.11228345816251312,650,1.0
cell_05_05,2024-03-01,2024-03-31,0.19757669851566534,0.02960389235364885,-0.25669168400245657,0.12033612144598815,0.0676911730389171,0.1023533679536589,625,1.0
cell_05_06,2024-03-01,2024-03-31,0.27918005048188194,-0.009944477243872965,-0.3078500439889559,0.18177113290661073,0.10419353555293462,0.1459500580620607,647,1.0
cell_05_07,2024-03-01,2024-03-31,0.2840514718149164,-0.016050071654046164,-0.3353574816648991,0.18892267483235028,0.08409999349574605,0.15107181024914734,628,1.0
cell_05_08,2024-03-01,2024-03-31,0.27941774263100905,-0.0010437609665387227,-0.31576868133839603,0.1862648581907693,0.0785463860160377,0.15709087964261748,643,1.0
cell_05_09,2024-03-01,2024-03-31,0.37559006962035923,0.01101048916330318,-0.4353249947621699,0.15422892901811625,0.0931865619483902,0.10737077862351004,631,1.0
cell_05_10,2024-03-01,2024-03-31,0.14678340713033317,0.06932401131251888,-0.2397903873503794,0.09468998207290177,0.044254070658041024,0.09972520939529037,640,1.0
cell_05_11,2024-03-01,2024-03-31,0.24055908993597114,0.004835288776803041,-0.30232289167171983,0.1678894853115774,0.0756908405348455,0.14504222494915625,634,1.0
cell_05_12,2024-03-01,2024-03-31,0.25475608232514857,0.04373084576136762,-0.34677815889765384,0.1266934515501735,0.061875762470536694,0.09496761557724248,637,1.0
cell_05_13,2024-03-01,2024-03-31,0.28528592774157147,0.06119594338785937,-0.36547797450783237,0.12890217756046407,0.07293936420535492,0.10198181050829123,637,1.0
cell_05_14,2024-03-01,2024-03-31,0.2529258939128407,0.06226739074463901,-0.33357839632870134,0.12699088689372934,0.08258821572195205,0.11125045334283154,634,1.0
cell_05_15,2024-03-01,2024-03-31,0.2914621472281216,0.02005206257564716,-0.36037590435990974,0.17053351589878182,0.09979405486594081,0.12836525932259077,640,1.0
cell_05_16,2024-03-01,2024-03-31,0.4233625472978329,-0.05735741952226978,-0.444852531952123,0.1330347552610861,0.07249641783215038,0.10948855703267875,631,1.0
cell_05_17,2024-03-01,2024-03-31,0.22315570469545362,-0.05957239301067453,-0.23420574004209943,0.2546898300161076,0.12637773193562488,0.23396077160497236,643,1.0
cell_05_18,2024-03-01,2024-03-31,0.4891495248718589,-0.135249238156759,-0.4868705608533947,0.18994237759856983,0.13656018871907244,0.15748754687954458,629,1.0
cell_05_19,2024-03-01,2024-03-31,0.5158028191370694,-0.1750375123257398,-0.5235860931887513,0.19815628197934748,0.15829256309566095,0.15737011794409309,646,1.0
cell_06_00,2024-03-01,2024-03-31,0.31128462143002583,-0.045258465153639536,-0.3369370212027377,0.17063847713213479,0.08479546199311813,0.1388249007055818,632,1.0
cell_06_01,2024-03-01,2024-03-31,0.19217145641857505,0.007707566810952926,-0.2474628955171687,0.13833923571538254,0.06771891871632428,0.11520100069479865,643,1.0
cell_06_02,2024-03-01,2024-03-31,0.33173154184464526,-0.043762037139082686,-0.3595092362772225,0.1612158174605777,0.0642125404332146,0.1333148622610563,629,1.0
cell_06_03,2024-03-01,2024-03-31,0.4587026177797102,-0.11707010752004562,-0.4484463847744067,0.1885074950231395,0.1029671482918086,0.1352175090355053,646,1.0
cell_06_04,2024-03-01,2024-03-31,0.3082525154594385,-0.02892231782647019,-0.33469759385181663,0.17046182363029988,0.07685451003798667,0.1359616587954893,625,1.0
cell_06_05,2024-03-01,2024-03-31,0.1952042749595185,0.026421452734802366,-0.24086730725680713,0.11315054176189647,0.06564176289714607,0.09775012658411919,649,1.0
cell_06_06,2024-03-01,2024-03-31,0.17005471587898333,0.031108939315599403,-0.23086323912365384,0.09876555231993132,0.05746618848159183,0.08550235533910501,625,1.0
cell_06_07,2024-03-01,2024-03-31,0.24588229027616834,0.015662781446299193,-0.3008835888213917,0.15639760859074378,0.06876677720593036,0.13627159252326237,647,1.0
cell_06_08,2024-03-01,2024-03-31,0.4331308094420562,-0.06302081257680885,-0.4510255834591264,0.18119731727724137,0.07913636770101976,0.1428041364956258,628,1.0
cell_06_09,2024-03-01,2024-03-31,0.5537387664099948,-0.10865155489086847,-0.5403028159025222,0.17187467015094163,0.11310234386128415,0.11963633950221128,643,1.0
cell_06_10,2024-03-01,2024-03-31,0.3174578462957212,-0.02107008833179934,-0.35893694759218137,0.16724909021377077,0.08285628701098062,0.13930466131035257,631,1.0
cell_06_11,2024-03-01,2024-03-31,0.2849796487996169,0.003962266298417292,-0.34261597136848865,0.18270284343222631,0.09020186133326055,0.14232090462602695,641,1.0
cell_06_12,2024-03-01,2024-03-31,0.25903682704063347,0.026895527331074517,-0.325408860254023,0.17400819673423662,0.08032382279997696,0.13688876111038414,633,1.0
cell_06_13,2024-03-01,2024-03-31,0.21564811206206094,0.03792093152819932,-0.2852117421720141,0.15888838283241827,0.08149127682502709,0.12847345573009478,638,1.0
cell_06_14,2024-03-01,2024-03-31,0.30419966952466754,-0.032598674673831596,-0.34859215226300977,0.15605506916827952,0.09154357542289254,0.12203338559802115,637,1.0
cell_06_15,2024-03-01,2024-03-31,0.3791838891736591,-0.08489827292713903,-0.40318584596803175,0.14076377443754118,0.09497099146730807,0.1070447809233978,635,1.0
cell_06_16,2024-03-01,2024-03-31,0.2009643023626274,-0.06688523387814387,-0.21232508855162985,0.22950515036889202,0.10557446334682957,0.22265404829781957,640,1.0
cell_06_17,2024-03-01,2024-03-31,0.4114304986540354,-0.06112432694392259,-0.411400265379466,0.2056955026447327,0.10594820335987734,0.17935348242180219,632,1.0
cell_06_18,2024-03-01,2024-03-31,0.4586504105898309,-0.06305761034420199,-0.4616039773980148,0.1476536423017932,0.08626472312925662,0.10577036356748294,643,1.0
cell_06_19,2024-03-01,2024-03-31,0.418285181546687,-0.07984534013763762,-0.4410314729651431,0.18775226038586904,0.11701466240477264,0.1429229509663553,629,1.0
cell_07_00,2024-03-01,2024-03-31,0.35035208861512057,-0.06959302320371874,-0.36752075322095346,0.1705663249559619,0.06941310762757624,0.13698589525842558,639,1.0
cell_07_01,2024-03-01,2024-03-31,0.19856009400130342,0.007417097058252366,-0.24993393936836744,0.1345274871705698,0.064664541667497,0.11234704953686028,631,1.0
cell_07_02,2024-03-01,2024-03-31,0.16436289468695653,0.01875750234488332,-0.21711887844329933,0.16438770920320664,0.07366834247395936,0.1380753553165304,642,1.0
cell_07_03,2024-03-01,2024-03-31,0.20348571457825393,0.003156635096569737,-0.25429601261981216,0.15701646637107483,0.07442945320931399,0.13079904423319366,628,1.0
cell_07_04,2024-03-01,2024-03-31,0.25352774586490673,-0.0029662815534129143,-0.28489996800474043,0.14892726177465943,0.07135153777318157,0.12024475965784136,646,1.0
cell_07_05,2024-03-01,2024-03-31,0.18080970613800046,0.04544807959586398,-0.2306305617907121,0.10545750057094776,0.06726663621969807,0.0898593445915817,626,1.0
cell_07_06,2024-03-01,2024-03-31,0.2063046241165021,0.0179760947203099,-0.2534618045083377,0.13348646727312202,0.06701689063732544,0.11266955149524277,649,1.0
cell_07_07,2024-03-01,2024-03-31,0.28029899324646473,-0.032449168441593325,-0.31551058374884267,0.15519974584068263,0.07417413727383908,0.1257346917279504,625,1.0
cell_07_08,2024-03-01,2024-03-31,0.3533881410754607,-0.05461651541483013,-0.37708897795898577,0.14871804615817055,0.0643501949011132,0.11791776076687317,648,1.0
cell_07_09,2024-03-01,2024-03-31,0.2565534217324377,-0.021512814983967357,-0.29643013257263406,0.15456259949551363,0.06670018279746216,0.1289894785832678,627,1.0
cell_07_10,2024-03-01,2024-03-31,0.16922212992448796,0.0008009730222528809,-0.21426268069851234,0.165762330520795,0.07741471501622933,0.14332344140754613,644,1.0
cell_07_11,2024-03-01,2024-03-31,0.18440619944844971,0.024788027240766983,-0.24639515758908587,0.1280202839874868,0.0610637062505122,0.10634095640121487,630,1.0
cell_07_12,2024-03-01,2024-03-31,0.1787521834809036,0.03483273860262995,-0.23944126718136896,0.11963456596757928,0.05318075161698363,0.10064892896072838,641,1.0
cell_07_13,2024-03-01,2024-03-31,0.34719669784361956,-0.060220282175025945,-0.3742621347954833,0.23382246143556334,0.12613727359739546,0.1697265549492278,634,1.0
cell_07_14,2024-03-01,2024-03-31,0.4921493746500935,-0.16479814964547443,-0.46967707273258946,0.2056360525419446,0.11454534583636014,0.14986529212191874,638,1.0
cell_07_15,2024-03-01,2024-03-31,0.25519522414802104,-0.10466774436761314,-0.27080191148196364,0.2177190768576783,0.1230085072780938,0.2003864444811786,637,1.0
cell_07_16,2024-03-01,2024-03-31,0.23053467577520628,-0.038626882382627875,-0.25491545083726264,0.21865146714424225,0.10530811135033001,0.20915069046058576,635,1.0
cell_07_17,2024-03-01,2024-03-31,0.49669237754055723,-0.1306053116674128,-0.4963575521855644,0.14021633325727664,0.11677255474414364,0.10867048954437188,640,1.0
cell_07_18,2024-03-01,2024-03-31,0.4332023545655522,-0.10866172764900632,-0.4421605021831712,0.15378268011490603,0.10884737624321487,0.11522653374902146,632,1.0
cell_07_19,2024-03-01,2024-03-31,0.2601230069551101,0.007885500787222097,-0.3087843061145473,0.15174388280295567,0.08136618424833163,0.12384735264543766,643,1.0
cell_08_00,2024-03-01,2024-03-31,0.285061470070578,-0.03673409123320288,-0.3257376502881837,0.13713171463997417,0.06193039656503984,0.11405472536194165,636,1.0
cell_08_01,2024-03-01,2024-03-31,0.23888948918094813,-0.018587978549570776,-0.2825698411767194,0.13476377444193938,0.061667685747410245,0.11413339623704469,639,1.0
cell_08_02,2024-03-01,2024-03-31,0.1371072754713296,0.019422913730890137,-0.19209972680124393,0.12071061022447689,0.05437318821921201,0.10523199123326621,634,1.0
cell_08_03,2024-03-01,2024-03-31,0.15745050288353574,0.02486069188170318,-0.2078632379818667,0.1338867012951337,0.06713114422835245,0.11480544940479698,640,1.0
cell_08_04,2024-03-01,2024-03-31,0.16500072494454296,0.04627537459469657,-0.22298175019544964,0.10275943898097631,0.06091388558692516,0.08853635840164631,630,1.0
cell_08_05,2024-03-01,2024-03-31,0.15944690411287502,0.05455905124771398,-0.2103906201958944,0.08837291545272359,0.053354310181326484,0.07554069347998855,644,1.0
cell_08_06,2024-03-01,2024-03-31,0.2027566467471741,0.008483812828828,-0.25425395063623285,0.12678000872999817,0.06060174534436017,0.10459578354089036,627,1.0
cell_08_07,2024-03-01,2024-03-31,0.2340786771849282,-0.008148646422456954,-0.2867630594682684,0.1370753699977832,0.0631741958398337,0.11710881652363668,647,1.0
cell_08_08,2024-03-01,2024-03-31,0.36752661629525485,-0.06169389753035731,-0.38995504654115265,0.16216765109078268,0.07394280756320568,0.12852069184448514,625,1.0
cell_08_09,2024-03-01,2024-03-31,0.20939551814515892,-0.0044885832887822455,-0.2544676233665644,0.14923651405411606,0.0668172331053491,0.12427456349837164,648,1.0
cell_08_10,2024-03-01,2024-03-31,0.16368693643422808,0.014438031472041072,-0.22352247138386086,0.1382237953366207,0.06911090465411225,0.12451150921821964,627,1.0
cell_08_11,2024-03-01,2024-03-31,0.29413867257005805,-0.023874859257428636,-0.3325448868913115,0.15464181119995302,0.08349495304957796,0.12711156781300942,644,1.0
cell_08_12,2024-03-01,2024-03-31,0.24946754194850662,-0.002320145854802609,-0.30459137846493284,0.16292512775645204,0.07941977462546022,0.13428599213988632,631,1.0
cell_08_13,2024-03-01,2024-03-31,0.6808808905582711,-0.2537472391401181,-0.5951764977691357,0.228357760403803,0.1454012571486071,0.1523398400674745,641,1.0
cell_08_14,2024-03-01,2024-03-31,0.32170652939365446,-0.1724191015836387,-0.30158259458482367,0.35843023166153987,0.1326999558269469,0.29672177391343685,634,1.0
cell_08_15,2024-03-01,2024-03-31,0.23621099752676417,-0.11598055967660016,-0.28134279380725985,0.2506565173974011,0.16632670978992561,0.21426913108637327,637,1.0
cell_08_16,2024-03-01,2024-03-31,0.425945320670866,-0.07500814757605773,-0.44527790897002284,0.1886185126268361,0.11231649649846571,0.1427101520116647,637,1.0
cell_08_17,2024-03-01,2024-03-31,0.42128221665399945,-0.12472536778393362,-0.43066760726583403,0.19745823211473182,0.11984456314739055,0.163457674592986,633,1.0
cell_08_18,2024-03-01,2024-03-31,0.2908237472270132,-0.0394937115289392,-0.31184291693776783,0.19213085506565514,0.09287250022366769,0.16207608815615723,640,1.0
cell_08_19,2024-03-01,2024-03-31,0.29953355885951866,-0.026088615585909865,-0.32799073483358926,0.1618524292139353,0.08432708492339155,0.13807337445411932,632,1.0
cell_09_00,2024-03-01,2024-03-31,0.2510658323818962,-0.023436247032122284,-0.2936972640500853,0.13707385009096607,0.06271176454357048,0.11600610376162826,634,1.0
cell_09_01,2024-03-01,2024-03-31,0.28551628556944214,-0.025943679022233837,-0.324608095539618,0.14680955293509698,0.07057215260133894,0.12347472555781863,638,1.0
cell_09_02,2024-03-01,2024-03-31,0.3437609911230635,-0.052076864325213516,-0.3718087322329518,0.16531605755171755,0.08564674622735721,0.13563993417077386,637,1.0
cell_09_03,2024-03-01,2024-03-31,0.5488032706342677,-0.13877084699936273,-0.524038392080747,0.19510256286107486,0.10207780465010508,0.143212905420108,634,1.0
cell_09_04,2024-03-01,2024-03-31,0.3013111286430844,-0.0009399223634552329,-0.3561008632201902,0.18546690033597693,0.08963287823053515,0.15149872671091172,641,1.0
cell_09_05,2024-03-01,2024-03-31,0.2260782621232847,0.0179320710769456,-0.27075941317422586,0.14201380046441833,0.0801655512798108,0.11081602068313329,629,1.0
cell_09_06,2024-03-01,2024-03-31,0.3908357217097258,-0.08004868315252227,-0.39588645887911655,0.22092310124112413,0.10124920594712065,0.17224344347301607,644,1.0
cell_09_07,2024-03-01,2024-03-31,0.46196468923187445,-0.0738882513380777,-0.4779982868606858,0.18265055453034976,0.08417973657130462,0.14432012985813325,627,1.0
cell_09_08,2024-03-01,2024-03-31,0.31899814471492366,-0.03291490157881067,-0.3542810250421802,0.1595784702962761,0.06502671745217062,0.13141435769143942,648,1.0
cell_09_09,2024-03-01,2024-03-31,0.2884520518970041,-0.027720844552248162,-0.32348318053981384,0.1597416395076266,0.06790032698517798,0.1318305672414973,625,1.0
cell_09_10,2024-03-01,2024-03-31,0.18497298071171067,0.024689702958461342,-0.2539680219672719,0.11499380869897213,0.053955674454553355,0.09928886473868515,648,1.0
cell_09_11,2024-03-01,2024-03-31,0.1842418689185792,0.032692366279280946,-0.25162166167612954,0.15119672992301392,0.07913307683819892,0.1338058366297479,626,1.0
cell_09_12,2024-03-01,2024-03-31,0.42387762466515055,-0.09962998871429248,-0.4331906107372394,0.1995649709883021,0.12798028319454707,0.14036702136091475,645,1.0
cell_09_13,2024-03-01,2024-03-31,0.36244975436772614,-0.18977159468630642,-0.3231319411559163,0.3572688810260508,0.14809181649110395,0.2999477495289696,629,1.0
cell_09_14,2024-03-01,2024-03-31,0.29879050863299883,-0.11527007907264676,-0.3112577320058306,0.277749814015897,0.13360816988133165,0.24556148265805966,642,1.0
cell_09_15,2024-03-01,2024-03-31,0.4290731415696755,-0.11219083533592349,-0.4464294804389998,0.17812887571403604,0.11246942694041435,0.13569491417990817,633,1.0
cell_09_16,2024-03-01,2024-03-31,0.23992432900723393,-0.005326430419355523,-0.2820622148725387,0.15737481610653972,0.09346752836549704,0.13028574729204637,638,1.0
cell_09_17,2024-03-01,2024-03-31,0.1631837812053275,0.034983213501717944,-0.21643537953952718,0.13568292747067148,0.06471621173803382,0.1159956757884068,636,1.0
cell_09_18,2024-03-01,2024-03-31,0.2452285076124559,-0.01252325838824145,-0.2818775780089618,0.16019691256136204,0.08087742819713482,0.1346552704829756,635,1.0
cell_09_19,2024-03-01,2024-03-31,0.41324957155549147,-0.030736647558050535,-0.4408138343914352,0.12137784642098583,0.07214661671121257,0.09758844490893616,640,1.0
cell_10_00,2024-03-01,2024-03-31,0.22252225230431524,-0.005212838812805206,-0.26701328859791273,0.14312105664250038,0.06071803946137694,0.11972084113369047,641,1.0
cell_10_01,2024-03-01,2024-03-31,0.3073073045672623,-0.05027090229647076,-0.33882462457169826,0.17260985720688224,0.08600377233683804,0.13579076959935385,633,1.0
cell_10_02,2024-03-01,2024-03-31,0.43874074441773536,-0.07802027644467148,-0.44166501435639405,0.20978312307457628,0.12149630649327686,0.1568939981436791,637,1.0
cell_10_03,2024-03-01,2024-03-31,0.48710612121278873,-0.08477227497056776,-0.48281289642341174,0.20330420948500266,0.10445860333280561,0.16594584868678133,637,1.0
cell_10_04,2024-03-01,2024-03-31,0.33829916163979595,-0.032016446515821126,-0.3690899413602643,0.174266541657222,0.07668414210342141,0.1443759534895575,634,1.0
cell_10_05,2024-03-01,2024-03-31,0.2580162949451665,-0.021407328148063967,-0.29662801505408304,0.18515219060540222,0.08990329804283897,0.14896252829182213,641,1.0
cell_10_06,2024-03-01,2024-03-31,0.4600520921102788,-0.12536088144301288,-0.4435218634771735,0.1852772535699154,0.09041544025183966,0.15172593561473655,630,1.0
cell_10_07,2024-03-01,2024-03-31,0.43795496207135726,-0.07601689884222133,-0.4559834309218006,0.1740921228694289,0.10465407345178177,0.13759679239329237,644,1.0
cell_10_08,2024-03-01,2024-03-31,0.23354422197294558,-0.0025209441715504433,-0.2782963058630855,0.1650322526794804,0.07633208897442838,0.1376892801478923,628,1.0
cell_10_09,2024-03-01,2024-03-31,0.2154364407782399,0.011431824741237022,-0.2641329338809975,0.1577611460927337,0.08140867113017676,0.13826672501717696,647,1.0
cell_10_10,2024-03-01,2024-03-31,0.11647088226796375,0.038635756558751615,-0.1780485438302033,0.10592923716749629,0.04476035190622605,0.1021376255574128,625,1.0
cell_10_11,2024-03-01,2024-03-31,0.25042880787386523,-0.03704482336293684,-0.29155459128758154,0.22131749257302824,0.12306519463976952,0.1993477111656214,648,1.0
cell_10_12,2024-03-01,2024-03-31,0.05979773513053109,-0.12119313322008989,-0.07219960873947055,0.2479042207912813,0.13045547582397793,0.25676421128163346,627,1.0
cell_10_13,2024-03-01,2024-03-31,0.3070163246177129,-0.07710285436635009,-0.3136703928082586,0.20924790263153256,0.10345118678693846,0.18596313602607187,645,1.0
cell_10_14,2024-03-01,2024-03-31,0.3251675308060126,-0.030652181367574766,-0.3874342823563884,0.15854554795903583,0.10254167867195327,0.11532283419110292,630,1.0
cell_10_15,2024-03-01,2024-03-31,0.3396101580962921,-0.051365112223038766,-0.36900790736757283,0.200279530204207,0.13539416783757333,0.17114340228072425,641,1.0
cell_10_16,2024-03-01,2024-03-31,0.284989131107012,-0.011927926518736766,-0.3107163043068565,0.1906883826900769,0.10724973589104027,0.15809570772416398,634,1.0
cell_10_17,2024-03-01,2024-03-31,0.30237314410974925,-0.04020356829589344,-0.3334908790081739,0.15838173767404973,0.07627131627892618,0.132136703708138,638,1.0
cell_10_18,2024-03-01,2024-03-31,0.34209858791710906,-0.01951127960738858,-0.3803918206563971,0.16306409898194765,0.07659447167172381,0.14339674401216487,637,1.0
cell_10_19,2024-03-01,2024-03-31,0.36644851730509204,0.04088450345266427,-0.4257286119642938,0.1195290679437745,0.059598697820886545,0.1039670536733564,634,1.0
cell_11_00,2024-03-01,2024-03-31,0.27406275516156287,-0.02257446937603992,-0.3097066932109698,0.19848743652232678,0.0949330940215144,0.1614528271072341,628,1.0
cell_11_01,2024-03-01,2024-03-31,0.3302353803626313,-0.034830882692583755,-0.36378386163212856,0.18472286676716118,0.08545816700493257,0.14720281255325082,643,1.0
cell_11_02,2024-03-01,2024-03-31,0.42180094418321745,-0.07210327069945566,-0.43763645095150666,0.1970706354587887,0.09046784519035113,0.15585253680612887,632,1.0
cell_11_03,2024-03-01,2024-03-31,0.35043684955109433,-0.048807593409680716,-0.37917956506747197,0.20452993699299232,0.08886423517129546,0.16754026990990556,639,1.0
cell_11_04,2024-03-01,2024-03-31,0.3538648750398326,-0.040926709610009535,-0.3839128360177221,0.1536223615187514,0.072247950549479,0.12702171244878596,636,1.0
cell_11_05,2024-03-01,2024-03-31,0.4221645074793421,-0.0751777577054002,-0.433738430715934,0.22195879410280564,0.10427391067207835,0.16725311474742616,635,1.0
cell_11_06,2024-03-01,2024-03-31,0.18428244158329093,0.01845883390304023,-0.25343847429126426,0.17374187165392965,0.09177819555341751,0.14129322396211316,639,1.0
cell_11_07,2024-03-01,2024-03-31,0.21665365588383606,0.021354874502348,-0.27665201099535774,0.1770360422224823,0.08948994464208687,0.1543396437784216,631,1.0
cell_11_08,2024-03-01,2024-03-31,0.17272561077212414,0.026288124027024642,-0.23806537778800801,0.12699886642695576,0.059538160325316315,0.11367764268862605,643,1.0
cell_11_09,2024-03-01,2024-03-31,0.15638837841435485,0.05028343106405768,-0.2239328964306778,0.13133831739269441,0.06260810369199665,0.1315918982343958,628,1.0
cell_11_10,2024-03-01,2024-03-31,0.298612029841227,-0.14123678213342916,-0.29654106433603844,0.32545337376601086,0.2146535652104973,0.28662781185577446,647,1.0
cell_11_11,2024-03-01,2024-03-31,0.1805387883306758,-0.27102891588333794,-0.15329789680842468,0.4069210385465657,0.15384533739525186,0.37513019364389155,624,0.9984
cell_11_12,2024-03-01,2024-03-31,-0.08587338306737424,-0.12350064132836681,0.12594691678369063,0.29655309484334963,0.09144441776932706,0.2871970386988967,649,1.0
cell_11_13,2024-03-01,2024-03-31,0.26780118370292555,-0.11067253678632338,-0.2605841305955006,0.2994367272466215,0.11456655743209153,0.2915755203915067,626,1.0
cell_11_14,2024-03-01,2024-03-31,0.23604278178287202,0.013591653467786808,-0.2794404168353969,0.15271368446433128,0.06741121421483334,0.16240368425859067,645,1.0
cell_11_15,2024-03-01,2024-03-31,0.23413341999979273,0.02501584361704797,-0.2826181416786002,0.15871047099094682,0.0843739723395413,0.13763105400616693,630,1.0
cell_11_16,2024-03-01,2024-03-31,0.3561402195140683,-0.032819092468149395,-0.38720892498359594,0.13299007256535753,0.07740350409676089,0.11197376966757956,642,1.0
cell_11_17,2024-03-01,2024-03-31,0.32677121448693797,-0.03822965979562083,-0.36356242642549785,0.15288755441091867,0.06686610100963508,0.1274426353580707,633,1.0
cell_11_18,2024-03-01,2024-03-31,0.22104939266683454,0.017770829029666736,-0.2858177909692856,0.13812238032203542,0.06558212512680658,0.11527368810913662,638,1.0
cell_11_19,2024-03-01,2024-03-31,0.16618621619126547,0.0287146656527106,-0.23834844087623072,0.09575397633385717,0.06689643309316619,0.08426205943279733,637,1.0
cell_12_00,2024-03-01,2024-03-31,0.3717218839671872,-0.04234094265170365,-0.4021524494148795,0.185223853918934,0.07706702883634263,0.15463474724572165,646,1.0
cell_12_01,2024-03-01,2024-03-31,0.4024480073947432,-0.04482439274660478,-0.4357382928909774,0.15053713624260237,0.06896644409587745,0.1309306832749967,628,1.0
cell_12_02,2024-03-01,2024-03-31,0.44747859255594397,-0.06234890971141837,-0.4636040936763226,0.17754874882257898,0.09190131761991946,0.13983305515820746,642,1.0
cell_12_03,2024-03-01,2024-03-31,0.3347717768294732,-0.016783250143769215,-0.3647901891327692,0.17546406037880427,0.08935175806280202,0.1455934603473225,632,1.0
cell_12_04,2024-03-01,2024-03-31,0.33993545377385687,-0.04138360050180936,-0.3670639118793672,0.16458283803550575,0.07773389995149979,0.13241177087872363,639,1.0
cell_12_05,2024-03-01,2024-03-31,0.4305503296837583,-0.08000182972213675,-0.43871746355048713,0.21780529432105086,0.12302963541653654,0.17826703135143085,636,1.0
cell_12_06,2024-03-01,2024-03-31,0.24006955429884283,-0.009949662010839121,-0.28309966794782304,0.17033700190440362,0.08603683230599271,0.15635485202566746,635,1.0
cell_12_07,2024-03-01,2024-03-31,0.13449069914985667,0.04618317351458484,-0.20175431867820195,0.12606856080814297,0.06289660096378573,0.12749400424430654,640,1.0
cell_12_08,2024-03-01,2024-03-31,0.19707816762844507,0.012328427643020543,-0.2581967900472814,0.15124963231998723,0.06312446099856965,0.13310376078629935,631,1.0
cell_12_09,2024-03-01,2024-03-31,0.19036124629674606,-0.05217903120369367,-0.21498792372120537,0.24861285327727758,0.18256904217259443,0.21470779719622696,644,1.0
cell_12_10,2024-03-01,2024-03-31,0.12090798424655828,-0.2768866184304009,-0.050991294449850205,0.3832570331387782,0.13717708091034087,0.3721943292624646,626,1.0
cell_12_11,2024-03-01,2024-03-31,0.2484398405736176,-0.30040856691033796,-0.19677839345348447,0.39030892858381194,0.1500749949949822,0.36732593561480137,647,1.0
cell_12_12,2024-03-01,2024-03-31,-0.08623349641941237,-0.15876471230707462,0.12020766797924778,0.29059848150585443,0.11360955777814835,0.278959992937517,625,1.0
cell_12_13,2024-03-01,2024-03-31,-0.013506771098957522,-0.1429060799794186,0.06430673328557879,0.3464110542804399,0.08203648262745858,0.33784043967664373,648,1.0
cell_12_14,2024-03-01,2024-03-31,0.32284660877741395,-0.04069060080895194,-0.3430106878493897,0.19335779128564154,0.09391782983878748,0.1609198276957917,627,1.0
cell_12_15,2024-03-01,2024-03-31,0.3090455125775147,-0.016161627794023053,-0.34276004777018504,0.14721875016769953,0.07103395345713932,0.12133687022751859,645,1.0
cell_12_16,2024-03-01,2024-03-31,0.31798936316454507,-0.03627064695777144,-0.34782266184837585,0.15557033924968114,0.06385015786129121,0.13142144905932848,630,1.0
cell_12_17,2024-03-01,2024-03-31,0.21558831689324917,0.01359676939200886,-0.27382720323354104,0.15435320813264153,0.06908824745313363,0.13482360323399575,641,1.0
cell_12_18,2024-03-01,2024-03-31,0.09833556582657896,0.05735397132703013,-0.1618757821473931,0.05970610499114723,0.03417818589621128,0.058199520571071674,634,1.0
cell_12_19,2024-03-01,2024-03-31,0.09362661376112758,0.05118717572127604,-0.15733465807398994,0.05868896099651721,0.03277501512490389,0.061502559989634484,637,1.0
cell_13_00,2024-03-01,2024-03-31,0.1662129913447878,0.009692714382950192,-0.21876514113196488,0.13058081653673,0.05580435013401952,0.11159576651784778,625,1.0
cell_13_01,2024-03-01,2024-03-31,0.27428406688634305,-0.027706351665539315,-0.3126062145472899,0.15226465249853594,0.06740260442062491,0.12742390359199082,648,1.0
cell_13_02,2024-03-01,2024-03-31,0.3408105502787488,-0.05020411910176959,-0.3759582437850336,0.2129046805069751,0.10092599412295725,0.16437255516049215,627,1.0
cell_13_03,2024-03-01,2024-03-31,0.2820035185670146,-0.014000801922642797,-0.32159835131893383,0.16007995439571132,0.07230549180281086,0.13648490736367802,644,1.0
cell_13_04,2024-03-01,2024-03-31,0.2481305756648721,-0.01854398754256223,-0.28548927307373667,0.14806319443051838,0.06328125829835021,0.12483094695152798,631,1.0
cell_13_05,2024-03-01,2024-03-31,0.2985319361764032,-0.005695935096744554,-0.34551081334997,0.16189190861659203,0.08558723235176513,0.14343061233978863,640,1.0
cell_13_06,2024-03-01,2024-03-31,0.42782299458752293,-0.06517070961014655,-0.4422655324455995,0.18247430497663672,0.08597112636399344,0.1444526572460385,634,1.0
cell_13_07,2024-03-01,2024-03-31,0.380482864457413,-0.055556992927348066,-0.39795561411856367,0.17819807482766561,0.07947791884269824,0.13875017164388423,636,1.0
cell_13_08,2024-03-01,2024-03-31,0.23883588742406173,-0.012953536125232876,-0.28647327955475377,0.1682227088678072,0.07727883956635777,0.138256252662713,639,1.0
cell_13_09,2024-03-01,2024-03-31,0.33013769597043713,-0.23882952078337297,-0.29762206784885414,0.35383834695819555,0.1797635628279752,0.33387698979928043,632,1.0
cell_13_10,2024-03-01,2024-03-31,0.23043921561831052,-0.2959028076667158,-0.1760612430264133,0.4430544012553344,0.09652820634050849,0.42832422442733326,643,1.0
cell_13_11,2024-03-01,2024-03-31,0.5547094800216325,-0.38409768418684465,-0.4765962209493172,0.3021407794967936,0.10406258914501627,0.2745751294295631,628,1.0
cell_13_12,2024-03-01,2024-03-31,0.0010703110622765992,-0.20177504985990785,0.04771646227708569,0.32899075769092717,0.15064138701121327,0.3155628969899719,647,1.0
cell_13_13,2024-03-01,2024-03-31,0.24207978308093453,-0.09846731931155399,-0.22836731830516369,0.3218160397772693,0.0678866676586214,0.33632706840153176,625,1.0
cell_13_14,2024-03-01,2024-03-31,0.4064826967397122,-0.055471809665376876,-0.42508032276851787,0.1539753069835982,0.08601102569156346,0.1235990652036713,648,1.0
cell_13_15,2024-03-01,2024-03-31,0.430154229145942,-0.026626231082794154,-0.45469243050441854,0.11160353235050155,0.06643872434120018,0.09129777464367755,627,1.0
cell_13_16,2024-03-01,2024-03-31,0.4240673281205254,-0.06245379157692057,-0.4386811252504548,0.14082007682486625,0.06955988148308387,0.11464088129834475,644,1.0
cell_13_17,2024-03-01,2024-03-31,0.28198282236436994,-0.007050990055171092,-0.333346412738851,0.13984300898754504,0.07476496252328009,0.12087065415734997,631,1.0
cell_13_18,2024-03-01,2024-03-31,0.11958036371351592,0.050958377155280773,-0.18198890960532832,0.09439626338809859,0.0468105430237087,0.0865422442555334,641,1.0
cell_13_19,2024-03-01,2024-03-31,0.2903706048572312,-0.013861450239835387,-0.34631027788583313,0.1880469024378796,0.0906750926175508,0.16140930260532577,634,1.0
cell_14_00,2024-03-01,2024-03-31,0.3936003504331275,-0.06469455753337794,-0.41361562403083113,0.18491393393604613,0.08642433728228444,0.14422999332702283,648,1.0
cell_14_01,2024-03-01,2024-03-31,0.3172730893924691,-0.03422174700513106,-0.3552896847628491,0.17108555042860504,0.0744043273511557,0.14469463269912514,624,0.9984
cell_14_02,2024-03-01,2024-03-31,0.2837073823543544,-0.03948775107618033,-0.3263634663501469,0.18050426572752828,0.08405701177890873,0.1468481897959248,647,1.0
cell_14_03,2024-03-01,2024-03-31,0.33384009967909445,-0.04803979597901261,-0.36289848204835756,0.1755375513657123,0.07374025141665733,0.14671159608998066,626,1.0
cell_14_04,2024-03-01,2024-03-31,0.36660020192753573,-0.047474787790252895,-0.3927965538497185,0.18862959917045258,0.09400987526422742,0.15701740414699294,642,1.0
cell_14_05,2024-03-01,2024-03-31,0.41062731952110926,-0.03825047990164163,-0.43781917860084896,0.16700775519782124,0.08734822700829667,0.13943947405477872,631,1.0
cell_14_06,2024-03-01,2024-03-31,0.3373163571430487,-0.006038709972648504,-0.37559269599788664,0.14591355454078045,0.07806712204378967,0.12257691842570836,639,1.0
cell_14_07,2024-03-01,2024-03-31,0.3176671124327162,-0.03384719164153901,-0.34692065244787024,0.18787810338530328,0.08610540156421198,0.14986816213292106,636,1.0
cell_14_08,2024-03-01,2024-03-31,0.28650290759832814,-0.025142986821624972,-0.3328481848337878,0.15145454077283538,0.0658898051086977,0.12629890340364752,634,1.0
cell_14_09,2024-03-01,2024-03-31,0.04385624810300109,-0.16081217394097233,-0.010885693707442854,0.41523951176696455,0.1024484319607763,0.40503495500147835,640,1.0
cell_14_10,2024-03-01,2024-03-31,0.17688653302971313,-0.26887549838615143,-0.1274899723015203,0.4161024602038672,0.10285461078622812,0.399303572622082,631,1.0
cell_14_11,2024-03-01,2024-03-31,0.3274062243554374,-0.31904518393210135,-0.25969638322176036,0.3531522892704946,0.11884417736468467,0.3404580428040815,643,1.0
cell_14_12,2024-03-01,2024-03-31,0.06209326872069705,-0.1056377614575505,-0.013493248410655776,0.3579145811606316,0.11980563475935127,0.3607554049834361,626,1.0
cell_14_13,2024-03-01,2024-03-31,0.449058385137631,-0.07314986662937545,-0.4595756809923992,0.17137247811179815,0.07785993922924737,0.14172909480175366,647,1.0
cell_14_14,2024-03-01,2024-03-31,0.28416235238738086,-0.012372997698151821,-0.3345797288994833,0.15904420110907008,0.07451783232127894,0.1375656460294028,624,0.9984
cell_14_15,2024-03-01,2024-03-31,0.38090364171704527,0.007083232893675577,-0.42936139007489504,0.12718226054644086,0.0549526452594794,0.11988038709645624,648,1.0
cell_14_16,2024-03-01,2024-03-31,0.3626270824896131,-0.0033269610670058052,-0.39957638087796293,0.19530362234948884,0.08868535659813112,0.17424395793412178,627,1.0
cell_14_17,2024-03-01,2024-03-31,0.2623915340149055,-0.0201067767921798,-0.3039745884534476,0.14940239045491108,0.07050340735595045,0.12411567472725034,644,1.0
cell_14_18,2024-03-01,2024-03-31,0.5395931716849357,-0.10223712230287235,-0.5178134618027437,0.2064073398444237,0.08355620904165656,0.16479556526772882,631,1.0
cell_14_19,2024-03-01,2024-03-31,0.5524602468837955,-0.09765166948314284,-0.54382243360937,0.17147990838739133,0.06293561838547149,0.13176747431152072,640,1.0
cell_15_00,2024-03-01,2024-03-31,0.330109891525334,-0.03718243957837429,-0.3646292006158575,0.15019595419473228,0.06736033913591921,0.12471309346855136,628,1.0
cell_15_01,2024-03-01,2024-03-31,0.40929514733226147,-0.0623388003393705,-0.4332594621471222,0.15413134810521928,0.06846517601585626,0.1206828514224383,647,1.0
cell_15_02,2024-03-01,2024-03-31,0.3903495699329227,-0.0835735091750914,-0.4060760186940092,0.1615659493524556,0.0667090247258975,0.13409686760578352,625,1.0
cell_15_03,2024-03-01,2024-03-31,0.2769704729811299,-0.03220798749343259,-0.3128223224111976,0.14833700408975786,0.06619392979060262,0.12719128421533826,647,1.0
cell_15_04,2024-03-01,2024-03-31,0.21593053510873356,-0.006505455831285883,-0.26150714631842426,0.12094849519206295,0.05619068838014655,0.10449197747236176,628,1.0
cell_15_05,2024-03-01,2024-03-31,0.23063534613798725,0.0074158180231273674,-0.2818166634566222,0.16406951998468308,0.0681719782322796,0.14525532986201492,643,1.0
cell_15_06,2024-03-01,2024-03-31,0.07736256414202874,0.04995874271096609,-0.13743438323710475,0.06665281364660736,0.04518199003928127,0.06383454158136373,632,1.0
cell_15_07,2024-03-01,2024-03-31,0.09195670555753228,0.0394697366653417,-0.15276595326646894,0.13456124825265348,0.050909837768318054,0.11997587252631477,640,1.0
cell_15_08,2024-03-01,2024-03-31,0.3716270239783006,-0.0951477055954522,-0.3857223743506124,0.22450310113637606,0.13301325810678827,0.21024269753927358,635,1.0
cell_15_09,2024-03-01,2024-03-31,-0.2952132319576205,-0.018735192022055945,0.3046076564512482,0.2758658579311614,0.1126300544154423,0.26377080161750033,636,1.0
cell_15_10,2024-03-01,2024-03-31,0.21189564156368693,-0.10540100198060581,-0.21277659191433687,0.33956933094610176,0.10676928329553778,0.3561571570802757,638,1.0
cell_15_11,2024-03-01,2024-03-31,0.27019713433996384,-0.17179626610481272,-0.21668109070661068,0.31692247065923695,0.13053876578133825,0.3287789802818484,632,1.0
cell_15_12,2024-03-01,2024-03-31,0.31932774101381706,-0.06693896254514047,-0.3283250229710414,0.24110214220602133,0.07850914683153556,0.24082160154983698,643,1.0
cell_15_13,2024-03-01,2024-03-31,0.25104875848968317,-0.02840277414109806,-0.28071492654434677,0.13720241363741162,0.07692446341405881,0.12102102653144027,628,1.0
cell_15_14,2024-03-01,2024-03-31,0.212037510344918,-0.02152209753875949,-0.2517624547651412,0.1484933388802865,0.07309201109942867,0.12957156043030751,647,1.0
cell_15_15,2024-03-01,2024-03-31,0.2776552807711215,0.0040093377974815885,-0.32326897890205525,0.15395660047431278,0.07518448011052786,0.13856220233003144,625,1.0
cell_15_16,2024-03-01,2024-03-31,0.2641736534837137,-0.021225281456831207,-0.30229855995989463,0.10938076639404432,0.061233474906725344,0.0953194972041061,647,1.0
cell_15_17,2024-03-01,2024-03-31,0.2697525893121616,-0.02878372495650362,-0.3084886551171056,0.12339970267263606,0.056521626076513495,0.1037351622660851,628,1.0
cell_15_18,2024-03-01,2024-03-31,0.2844377438572934,-0.03494845020123297,-0.30980704979015855,0.1394024406540202,0.06221915181566833,0.11305755450872326,643,1.0
cell_15_19,2024-03-01,2024-03-31,0.375508231167323,-0.07652579159495722,-0.39384752527274974,0.19984162409761824,0.08763252847631892,0.15936432446671508,632,1.0
cell_16_00,2024-03-01,2024-03-31,0.3207883774147858,-0.04125663807331147,-0.3543052051793504,0.17359743974825126,0.08454708218190246,0.13440184704221975,643,1.0
cell_16_01,2024-03-01,2024-03-31,0.2555957308774616,-0.032929286009985265,-0.29839082312551635,0.1665492903295886,0.07388967281587523,0.13921097299326987,628,1.0
cell_16_02,2024-03-01,2024-03-31,0.36916196670442536,-0.07848068711546591,-0.39357001145500475,0.16168533951622524,0.0615509564541744,0.1329955265581062,647,1.0
cell_16_03,2024-03-01,2024-03-31,0.27706753269929096,-0.02755443563172483,-0.3146760406647377,0.1870304504161597,0.08352892218173784,0.15429471335137443,625,1.0
cell_16_04,2024-03-01,2024-03-31,0.21510427811515345,0.0008255335765614994,-0.26735466667172963,0.13136978010601746,0.05970576373320374,0.11462097415236229,648,1.0
cell_16_05,2024-03-01,2024-03-31,0.3958205673785009,-0.08408506766888349,-0.43198211018006066,0.27231077581302116,0.13865471751754396,0.24020984054585495,626,1.0
cell_16_06,2024-03-01,2024-03-31,0.2782116384883323,-0.05045967053767481,-0.32643496691871354,0.28849909488795206,0.14091271765580776,0.254785869922588,644,1.0
cell_16_07,2024-03-01,2024-03-31,0.10628302747227679,0.013860012401391574,-0.1695176412645099,0.15663403713288576,0.09326178256127746,0.13626154106144592,631,1.0
cell_16_08,2024-03-01,2024-03-31,0.29463042770027337,-0.1555796155999713,-0.29035862250441097,0.3976207085671715,0.1767592931608033,0.391324463512484,640,1.0
cell_16_09,2024-03-01,2024-03-31,0.06807350805360901,-0.016215655500486016,-0.07074718805442641,0.38851848696247626,0.13103023794109067,0.39253966331960943,635,1.0
cell_16_10,2024-03-01,2024-03-31,0.5332055017163264,-0.2258292800854425,-0.48864538091712767,0.18743047844701977,0.11508378318897912,0.14049249286953688,634,1.0
cell_16_11,2024-03-01,2024-03-31,0.5052056921379107,-0.1545479104741281,-0.48434248337545976,0.15899071312355484,0.09095642686960635,0.1408644982161978,640,1.0
cell_16_12,2024-03-01,2024-03-31,0.3520614009594944,-0.05214708136242859,-0.3657204332832415,0.16121473928040186,0.06866636986521735,0.13156554308711108,631,1.0
cell_16_13,2024-03-01,2024-03-31,0.32467727440831085,-0.03715906687740028,-0.35940114842484655,0.16562742750368661,0.09459607336351324,0.1397798082829241,644,1.0
cell_16_14,2024-03-01,2024-03-31,0.22855931930082998,-0.004054912699480526,-0.2698682492015141,0.1788200833554462,0.07682526521441364,0.154318112439562,627,1.0
cell_16_15,2024-03-01,2024-03-31,0.18965687910862594,-0.004998769229700269,-0.2383953180484872,0.14659594529446435,0.07476756388374858,0.12370554409893005,648,1.0
cell_16_16,2024-03-01,2024-03-31,0.28486705979320875,-0.039165837807409586,-0.3236713409617613,0.13418880814635087,0.05761591663487286,0.11131433306814063,625,1.0
cell_16_17,2024-03-01,2024-03-31,0.25553317496944966,-0.021322292451493856,-0.3018770137129496,0.13944289609157065,0.05687586938440599,0.11912453268830464,647,1.0
cell_16_18,2024-03-01,2024-03-31,0.2675525197677385,-0.03710432475459292,-0.303886575413727,0.1418947750362059,0.05992062750884722,0.11864578397214064,628,1.0
cell_16_19,2024-03-01,2024-03-31,0.25478625833532936,-0.030026226486054484,-0.29604974570065207,0.1573096258918576,0.06509858357894628,0.1316238024559018,643,1.0
cell_17_00,2024-03-01,2024-03-31,0.2612036587381925,-0.00980623369587736,-0.3267369857466667,0.14228043416656466,0.06965529402273815,0.10738865776305871,633,1.0
cell_17_01,2024-03-01,2024-03-31,0.2197354617454317,-0.01469301532984113,-0.26083596997120073,0.15273960247017745,0.06027905983091614,0.12953600617147712,641,1.0
cell_17_02,2024-03-01,2024-03-31,0.29556378566713665,-0.04012650909790515,-0.33120355448603056,0.16847162526739298,0.07467580250041099,0.14212011117119067,628,1.0
cell_17_03,2024-03-01,2024-03-31,0.43434286065728867,-0.10215426051079218,-0.4239889706705421,0.18847582550209158,0.10974189646095908,0.1422642246650484,646,1.0
cell_17_04,2024-03-01,2024-03-31,0.38341479897314157,-0.12870780201967455,-0.3801272147311129,0.28182672488623023,0.16433642291632639,0.2564256126057509,625,1.0
cell_17_05,2024-03-01,2024-03-31,0.6022391514246075,-0.1436370433091998,-0.6367660950606621,0.1451060955092444,0.13092248116705132,0.11843950894168145,648,1.0
cell_17_06,2024-03-01,2024-03-31,0.5167493139526624,-0.06658629685207147,-0.5587421842011381,0.12146575017032964,0.08233329452921753,0.10202241776551206,627,1.0
cell_17_07,2024-03-01,2024-03-31,0.5107580631721539,-0.12889883962039397,-0.5289483160908675,0.16741249320063833,0.1367165680751329,0.13155226034959233,642,1.0
cell_17_08,2024-03-01,2024-03-31,0.11991377224158284,-0.07659619976749117,-0.1052272787863562,0.3668028013383491,0.13471516617532323,0.3771796551326355,632,1.0
cell_17_09,2024-03-01,2024-03-31,0.44810025174851315,-0.10045892215394815,-0.44105092760951997,0.18105950326879505,0.11789199252840293,0.15974626673085268,639,1.0
cell_17_10,2024-03-01,2024-03-31,0.5192236544728154,-0.1884136284982582,-0.47259261091314525,0.2561734539134345,0.17052948847752306,0.18698428515730936,636,1.0
cell_17_11,2024-03-01,2024-03-31,0.41056816499285004,-0.08952224750156827,-0.41507108416130106,0.17162510117362645,0.07017244619014593,0.13739270568634585,635,1.0
cell_17_12,2024-03-01,2024-03-31,0.2673620862927332,-0.03001170556463466,-0.29427862351349426,0.17474458728133377,0.09885575466418095,0.14472628970889673,640,1.0
cell_17_13,2024-03-01,2024-03-31,0.3058095703634001,-0.034454755966274224,-0.3320408452631801,0.17152920556015477,0.09478238154044019,0.14102379851219732,631,1.0
cell_17_14,2024-03-01,2024-03-31,0.19584943685575412,0.004034335536815908,-0.25010500490906945,0.1168380377591546,0.052600764053526775,0.0980737867832054,643,1.0
cell_17_15,2024-03-01,2024-03-31,0.19680377561133083,-0.006178271761637774,-0.2421258609272324,0.12162767341379234,0.05843104366975975,0.09915043668685247,627,1.0
cell_17_16,2024-03-01,2024-03-31,0.23346885546112384,-0.026758005621390094,-0.27251064894469734,0.14311454260178197,0.06160454480383863,0.11858913309177785,648,1.0
cell_17_17,2024-03-01,2024-03-31,0.25717213977556824,-0.019826070447436266,-0.299779085414101,0.15780088137842205,0.07739935370739252,0.12707310865054244,625,1.0
cell_17_18,2024-03-01,2024-03-31,0.16490710204805203,0.01075152643839183,-0.21475287224729322,0.1258250137415255,0.06207057210047578,0.10620547504054573,646,1.0
cell_17_19,2024-03-01,2024-03-31,0.24818360549707721,-0.02099173190178661,-0.292389577424266,0.14603450227912598,0.06172278052268802,0.1266984002754533,629,1.0
cell_18_00,2024-03-01,2024-03-31,0.28253294680045266,-0.021137577404128527,-0.33026474763116753,0.15132607270494175,0.07090056574374587,0.1213873992553936,638,1.0
cell_18_01,2024-03-01,2024-03-31,0.27444383424293245,-0.01989059298461161,-0.3119637314054721,0.16628800327617715,0.07289974467266429,0.14175945595276446,632,1.0
cell_18_02,2024-03-01,2024-03-31,0.2264933491990645,-0.0003251205266515726,-0.2780410511648514,0.14934034217150752,0.07048965464824042,0.12856710931178325,642,1.0
cell_18_03,2024-03-01,2024-03-31,0.31386503272728994,-0.051936186445182435,-0.3360899946314065,0.19618671561117834,0.09576967930470763,0.15183574175268824,628,1.0
cell_18_04,2024-03-01,2024-03-31,0.3860212456496199,-0.0719780021296352,-0.39997033654249203,0.1733687764554458,0.1050190141256031,0.1371101437688905,647,1.0
cell_18_05,2024-03-01,2024-03-31,0.3537626756635331,-0.02950558774315574,-0.39077654440672516,0.18397267376889503,0.08013739707237875,0.19258102808664954,625,1.0
cell_18_06,2024-03-01,2024-03-31,0.4359777109592471,-0.04816227435461155,-0.47316286621338466,0.1777224449659501,0.09456131489024328,0.1355009891670264,648,1.0
cell_18_07,2024-03-01,2024-03-31,0.18379256525261356,-0.02294711053856576,-0.19558803533812544,0.33457896823056027,0.10448316619756479,0.3530877146068957,627,1.0
cell_18_08,2024-03-01,2024-03-31,0.2859582858018117,-0.033617943044174564,-0.29469059520937696,0.29067782789334706,0.08219706525933126,0.29674392734991706,644,1.0
cell_18_09,2024-03-01,2024-03-31,0.4958752152187122,-0.15752639235898663,-0.4848112596579393,0.20582527807296677,0.14684925082468273,0.16709323201948614,631,1.0
cell_18_10,2024-03-01,2024-03-31,0.43002976801986537,-0.10642127608580548,-0.42944408373442045,0.1882215316827048,0.11099440634476498,0.1498781809062933,639,1.0
cell_18_11,2024-03-01,2024-03-31,0.3423350628116108,-0.06305877899831164,-0.36072751474838943,0.16842504382433182,0.07877338346948014,0.1333556367539339,636,1.0
cell_18_12,2024-03-01,2024-03-31,0.20742372599961473,-0.005183273362892618,-0.25081113374654734,0.16018512458219517,0.08835518258143435,0.12995269592086767,635,1.0
cell_18_13,2024-03-01,2024-03-31,0.17536901488733964,0.02960717428040807,-0.22544523219990337,0.10931029227563298,0.0794041207451597,0.09419985929450168,640,1.0
cell_18_14,2024-03-01,2024-03-31,0.1892418004540667,0.027036986423354694,-0.23670085772215865,0.11609754621042515,0.06493256279083157,0.09748786433482644,631,1.0
cell_18_15,2024-03-01,2024-03-31,0.2042832092255285,-0.003237856049135646,-0.24903187452028766,0.1261060430910733,0.0635190201233285,0.10358205851488754,643,1.0
cell_18_16,2024-03-01,2024-03-31,0.2114942941939764,-0.018540688827476007,-0.2562337473823391,0.1256362880330228,0.055140889071054335,0.10467671512644298,626,1.0
cell_18_17,2024-03-01,2024-03-31,0.22504665090312245,-0.01588298110832071,-0.27018273733787,0.1323740694048533,0.05762644615288625,0.11034323952225585,648,1.0
cell_18_18,2024-03-01,2024-03-31,0.19645467855700527,0.002524720422700243,-0.24537989629383733,0.1210863230263352,0.05541287001287961,0.10611721894362289,625,1.0
cell_18_19,2024-03-01,2024-03-31,0.28066778683721927,0.01482221824484585,-0.3387543673349916,0.14010490182684027,0.07327124259234863,0.12431331081614552,646,1.0
cell_19_00,2024-03-01,2024-03-31,0.2773168637883549,-0.02656681028168302,-0.31875073294258355,0.15451134595771293,0.07971475723616467,0.12545813706585243,636,1.0
cell_19_01,2024-03-01,2024-03-31,0.17046399252060007,0.02434736907744743,-0.235674933219053,0.13612634221099779,0.05923312713733436,0.12200502545023711,638,1.0
cell_19_02,2024-03-01,2024-03-31,0.41479947644301174,-0.06501000783442108,-0.43621842018868695,0.2237349937931806,0.11060279970729114,0.17545317105778005,631,1.0
cell_19_03,2024-03-01,2024-03-31,0.3644184653200591,-0.05930194641788631,-0.39251623888753356,0.20592028445140026,0.13253435000194178,0.16627098318818945,642,1.0
cell_19_04,2024-03-01,2024-03-31,0.5266440101312686,-0.14509542183004642,-0.5024936946116311,0.15273442818070632,0.11981750980445569,0.13017532312670746,629,1.0
cell_19_05,2024-03-01,2024-03-31,0.4341251882569142,-0.09474581018561214,-0.430717853388845,0.2667946301094358,0.11703607178696018,0.2541478464646633,646,1.0
cell_19_06,2024-03-01,2024-03-31,-0.1081070809749582,0.05880445864790659,0.11520019541154246,0.4162442842997316,0.15146238162019968,0.4077991009980047,625,1.0
cell_19_07,2024-03-01,2024-03-31,0.14651008268396035,-0.07769271200228922,-0.12688655508440305,0.39399155458856167,0.13129854750727213,0.39652288261801305,648,1.0
cell_19_08,2024-03-01,2024-03-31,0.35029863912997355,-0.061678017622964036,-0.3620531346186579,0.20634132857018886,0.13270856140257262,0.19264763430940987,627,1.0
cell_19_09,2024-03-01,2024-03-31,0.5261213340287948,-0.2314109616691794,-0.49543265279839405,0.26902811343699157,0.21605211978855915,0.2160524266076964,643,1.0
cell_19_10,2024-03-01,2024-03-31,0.36535351223146134,-0.04731165884455836,-0.3866544984424404,0.16749102024985266,0.0960770678190908,0.1376578078338178,632,1.0
cell_19_11,2024-03-01,2024-03-31,0.24975804852747893,-0.02617403649877475,-0.2874114121252552,0.14861229897721126,0.06513420246579057,0.12323842309428346,639,1.0
cell_19_12,2024-03-01,2024-03-31,0.19760095042788436,0.01629078563675679,-0.24670020254188582,0.13583039134796715,0.0826261724779062,0.11606691335823888,636,1.0
cell_19_13,2024-03-01,2024-03-31,0.15834816393846077,0.0523291273006722,-0.21473498472779554,0.09686178675996397,0.05329280941313831,0.08498134891378561,634,1.0
cell_19_14,2024-03-01,2024-03-31,0.16171501757729476,0.06708968308543452,-0.21971778387418192,0.08809227526951113,0.052749246622567865,0.07528367161946695,641,1.0
cell_19_15,2024-03-01,2024-03-31,0.19046302099383408,0.03421666357818503,-0.2384373604408071,0.10400441353415903,0.06592266926273528,0.08594683790900115,630,1.0
cell_19_16,2024-03-01,2024-03-31,0.2919652079692354,-0.02107746361392856,-0.32967191208499114,0.13827899900084484,0.06730224732623286,0.11584954937679719,645,1.0
cell_19_17,2024-03-01,2024-03-31,0.2741714300108044,-0.024876190676901798,-0.3112813762953476,0.11435896159604889,0.051738846715047554,0.09625257442134479,625,1.0
cell_19_18,2024-03-01,2024-03-31,0.2510333582575006,0.01128903200576281,-0.3071621783175366,0.11685875146097674,0.054712748420649174,0.09982391310587427,649,1.0
cell_19_19,2024-03-01,2024-03-31,0.28010557757181775,0.02547194352387468,-0.3501725800275285,0.11571806149556065,0.06907125614754253,0.1002134679682132,625,1.0
cell_20_00,2024-03-01,2024-03-31,0.29333006116960414,-0.029418926205223957,-0.3152678878601706,0.15604827888064263,0.09486209570298089,0.123520183142139,633,1.0
cell_20_01,2024-03-01,2024-03-31,0.2142669023505468,-0.010779790586230102,-0.25805073387476063,0.2088723256950217,0.12238730061505528,0.17028769448519665,637,1.0
cell_20_02,2024-03-01,2024-03-31,0.4890504848519347,-0.11957978334795559,-0.4976115481310581,0.22676824423110023,0.12952741092157358,0.1551233062252393,637,1.0
cell_20_03,2024-03-01,2024-03-31,0.370083815408408,-0.04105186044774009,-0.40712849674750534,0.202661496239632,0.11320862760769852,0.16064326875471407,633,1.0
cell_20_04,2024-03-01,2024-03-31,0.28549393198045486,-0.07061047221118232,-0.28354812339649704,0.2819001553292855,0.102171824902887,0.2795403587054318,642,1.0
cell_20_05,2024-03-01,2024-03-31,-0.07728538457190709,-0.04622533485190643,0.09406524123876002,0.31963803718686523,0.1004951786213819,0.3240794545180788,628,1.0
cell_20_06,2024-03-01,2024-03-31,0.19604607653228034,-0.072084273691005,-0.18643632419947287,0.4013793878889906,0.14476009338488202,0.3955632628629175,647,1.0
cell_20_07,2024-03-01,2024-03-31,0.47969346286555065,-0.15145402641200187,-0.47302012893691386,0.14267510932481303,0.10357113412214862,0.10699618226948003,624,0.9984
cell_20_08,2024-03-01,2024-03-31,0.48065231261234653,-0.10931276130630599,-0.4754087654608797,0.12233054984527841,0.08815173745257114,0.08707654026072224,648,1.0
cell_20_09,2024-03-01,2024-03-31,0.36480871350921135,-0.0859549281450416,-0.38263967693771983,0.23331179001540656,0.17389336887584253,0.1777979468328268,626,1.0
cell_20_10,2024-03-01,2024-03-31,0.22466031186202445,-0.002055648012319373,-0.2743834895381962,0.17271555228225347,0.10026604588150799,0.1439609358522718,643,1.0
cell_20_11,2024-03-01,2024-03-31,0.12715676150502356,0.0203605879870532,-0.18408828354398263,0.09598215115954513,0.04870917433006861,0.08574200383270379,631,1.0
cell_20_12,2024-03-01,2024-03-31,0.2447123256931614,0.0010925918601495863,-0.2862767668755542,0.13861836215522474,0.07849235824222416,0.11466714848663534,639,1.0
cell_20_13,2024-03-01,2024-03-31,0.14548867392084136,0.05732416359774062,-0.20634888364122211,0.09363573872861099,0.055274673907940705,0.08328313945733701,635,1.0
cell_20_14,2024-03-01,2024-03-31,0.18009019200049925,0.07008225609299842,-0.23296340474554125,0.10975513825129755,0.05442351516636123,0.0936424049447922,634,1.0
cell_20_15,2024-03-01,2024-03-31,0.1465509290200245,0.06863831968700473,-0.21680729453995712,0.07057197192992089,0.04404708961644085,0.05735105060161493,641,1.0
cell_20_16,2024-03-01,2024-03-31,0.1726557643780155,0.027703803531217486,-0.22724844090336974,0.08862591979679792,0.05276809324893582,0.07463228516632826,630,1.0
cell_20_17,2024-03-01,2024-03-31,0.2783000534369049,0.0016593748523000443,-0.31261340019894995,0.1387163871411406,0.0745301921515646,0.12006692238636661,645,1.0
cell_20_18,2024-03-01,2024-03-31,0.2969064233397344,0.0075232515827292935,-0.337677892805077,0.1472801640341952,0.07131353292906967,0.11943572360433631,625,1.0
cell_20_19,2024-03-01,2024-03-31,0.3085573580446069,-0.017684661097897514,-0.3448193158414267,0.1608309138581691,0.06980637874404642,0.13587992793737988,648,1.0
cell_21_00,2024-03-01,2024-03-31,0.4305949286409496,-0.07031891393522285,-0.45274612439168177,0.19208582271890903,0.09807680049591516,0.14187375258318172,642,1.0
cell_21_01,2024-03-01,2024-03-31,0.32304140629823347,-0.027689993787728635,-0.3445854951805781,0.19611361997637072,0.11253206993788047,0.1671518800395649,633,1.0
cell_21_02,2024-03-01,2024-03-31,0.5423441556860118,-0.1335378456703598,-0.5370183952748299,0.15311273457401572,0.09334376436427702,0.1337344405643758,637,1.0
cell_21_03,2024-03-01,2024-03-31,0.08013208284757069,-0.005194651624019811,-0.08103775618479647,0.41035559407536015,0.13285390363547003,0.4033679660143078,638,1.0
cell_21_04,2024-03-01,2024-03-31,0.10094504676761716,-0.029972843447953985,-0.10653934218281881,0.28544849134302874,0.09790991195865295,0.29090462680551743,631,1.0
cell_21_05,2024-03-01,2024-03-31,0.39787376846393446,-0.11237034311382726,-0.3968081420753153,0.15439299696190345,0.10418381387691991,0.12999681350487452,643,1.0
cell_21_06,2024-03-01,2024-03-31,0.4167398925911586,-0.13339902763338257,-0.42140784262020353,0.1726680845348513,0.12391037877767101,0.13450856347997278,628,1.0
cell_21_07,2024-03-01,2024-03-31,0.43478917923774546,-0.1682643197334689,-0.44059729624221006,0.19757904596392806,0.14881366400532076,0.15755186368090848,647,1.0
cell_21_08,2024-03-01,2024-03-31,0.3385322386064507,-0.07914947324914585,-0.3586214906501471,0.16372519708702996,0.10137674183706856,0.13051165833451586,625,1.0
cell_21_09,2024-03-01,2024-03-31,0.2800479688739715,-0.0001225050239440126,-0.32735786685719287,0.16409812676636895,0.09076051336578976,0.13506663279015454,646,1.0
cell_21_10,2024-03-01,2024-03-31,0.34023474784066937,-0.06009404159979705,-0.35553613362111885,0.24818359093705947,0.1437545621389397,0.19188688007101265,628,1.0
cell_21_11,2024-03-01,2024-03-31,0.0989930066610305,0.0209894475986085,-0.15291185683050243,0.11500816335203422,0.06911675615845325,0.08684975535749342,642,1.0
cell_21_12,2024-03-01,2024-03-31,0.15563187228566056,0.031409303373847376,-0.21285188394786891,0.1027810113907566,0.05178098839860958,0.09561002467971252,633,1.0
cell_21_13,2024-03-01,2024-03-31,0.20206853124073554,0.04608920444692649,-0.24754071960754795,0.1156786035655855,0.05856197536726779,0.0982715199414443,638,1.0
cell_21_14,2024-03-01,2024-03-31,0.18065203797486126,0.061526339537502146,-0.23447437608822444,0.10903680816544103,0.06601376038737525,0.09323390258731463,637,1.0
cell_21_15,2024-03-01,2024-03-31,0.14962249383794043,0.07876849988757771,-0.21281137514709705,0.06764081437516896,0.048957476651179214,0.05605530669820516,633,1.0
cell_21_16,2024-03-01,2024-03-31,0.16025722352711932,0.04568959983406896,-0.2110142900321878,0.0866258414501558,0.05525820539968854,0.0722670528175489,642,1.0
cell_21_17,2024-03-01,2024-03-31,0.2777084490417197,-0.024195116055015304,-0.3139481734204167,0.14783470519590938,0.06308507956388974,0.11895408387757479,628,1.0
cell_21_18,2024-03-01,2024-03-31,0.20605741522836457,0.008386128482145969,-0.2565760186849026,0.14326431738031062,0.06166868034308761,0.12070639596578106,646,1.0
cell_21_19,2024-03-01,2024-03-31,0.1537724578917495,0.03252902689831258,-0.20757999054241977,0.12409666524230147,0.05979725184442585,0.10718384854538149,625,1.0
cell_22_00,2024-03-01,2024-03-31,0.4610778081160737,-0.10244567879947794,-0.46788460552707967,0.18126252139640886,0.08549338282164515,0.13761830858121626,627,1.0
cell_22_01,2024-03-01,2024-03-31,0.23915109089271483,-0.012106291543155363,-0.2778748194074079,0.15953480971425915,0.08659019714023186,0.13820858497404068,642,1.0
cell_22_02,2024-03-01,2024-03-31,0.3586490468216484,-0.08211315738450681,-0.36223520451096053,0.3265257816446772,0.12476296965087051,0.2981293587611126,632,1.0
cell_22_03,2024-03-01,2024-03-31,0.2824025466760483,-0.06305953192074396,-0.2673788705239255,0.38667459308039626,0.14716586921318972,0.3527094980868196,637,1.0
cell_22_04,2024-03-01,2024-03-31,0.432567161606688,-0.10914985940042837,-0.4245273221840879,0.15928869174627125,0.10843743290857229,0.12057571815466013,637,1.0
cell_22_05,2024-03-01,2024-03-31,0.31283805972320505,-0.06341838776668446,-0.3345581081385906,0.16102228323579476,0.10088004525625753,0.12589382972495047,633,1.0
cell_22_06,2024-03-01,2024-03-31,0.4480410814175711,-0.15035536900158825,-0.45445070954023326,0.18366614746908455,0.12913663017623792,0.14266452931683055,642,1.0
cell_22_07,2024-03-01,2024-03-31,0.354964635847574,-0.10193145645100686,-0.3764291522814713,0.17113099180633798,0.1210436811669865,0.13291942833983733,628,1.0
cell_22_08,2024-03-01,2024-03-31,0.35693528425728477,-0.08761755822585714,-0.37064414845411564,0.16349429771896634,0.08488341662587037,0.13250063118478672,647,1.0
cell_22_09,2024-03-01,2024-03-31,0.282141733684352,-0.022684850237321676,-0.31607025184884247,0.17496006189609595,0.08322871496025172,0.1463413795796724,625,1.0
cell_22_10,2024-03-01,2024-03-31,0.3616539528108221,-0.051676284250406594,-0.3820740530682649,0.2711669954868368,0.11587798803515229,0.21309229049820197,646,1.0
cell_22_11,2024-03-01,2024-03-31,0.3116555884500803,-0.06253414388636597,-0.321248673242725,0.24270765957651694,0.13906423839942664,0.18394237328619625,629,1.0
cell_22_12,2024-03-01,2024-03-31,0.18400169826735568,0.005340627905111975,-0.235156291466141,0.126903093427873,0.060223956856941666,0.10857598747287367,642,1.0
cell_22_13,2024-03-01,2024-03-31,0.25454724498391246,-0.002354368573042502,-0.296072553169236,0.14074583347719619,0.07192108756212583,0.12003401092047852,633,1.0
cell_22_14,2024-03-01,2024-03-31,0.28695247953624775,0.005955241833670013,-0.32805186022283245,0.16195481667151285,0.08103390214746296,0.13941592960956314,638,1.0
cell_22_15,2024-03-01,2024-03-31,0.2850464081696327,0.021714312299543084,-0.3209742845952662,0.15124004000637303,0.0734287437013935,0.13703541704246786,637,1.0
cell_22_16,2024-03-01,2024-03-31,0.16114005106685095,0.04421387454290644,-0.21890575315101798,0.08924455980413344,0.0567904895410829,0.07485776961224158,633,1.0
cell_22_17,2024-03-01,2024-03-31,0.21549477508198134,-0.0009974746684218863,-0.2711159415363286,0.12234913026692112,0.05653204355252147,0.10238629776423305,642,1.0
cell_22_18,2024-03-01,2024-03-31,0.25863754323964955,-0.027230254386082592,-0.2980307194958743,0.13250015399117993,0.05444674679833227,0.10944725814858537,628,1.0
cell_22_19,2024-03-01,2024-03-31,0.19291184613396603,0.002493475960442701,-0.2408553184457156,0.14792645883210356,0.06962217389883305,0.12354037177012887,647,1.0
