cell_id,start_date,end_date,viirs_avg_rad_mean,viirs_avg_rad_std,viirs_cf_cvg_mean,viirs_cf_cvg_min,viirs_cf_cvg_max,viirs_valid_pixel_count,viirs_valid_pixel_fraction
cell_00_00,2024-03-01,2024-04-01,32.953414651159626,0.618884976394392,15.0,15,15,4,1.0
cell_00_01,2024-03-01,2024-04-01,27.079026647274862,4.147428730219564,15.0,15,15,4,1.0
cell_00_02,2024-03-01,2024-04-01,29.500336020740114,5.401755589660836,15.0,15,15,4,1.0
cell_00_03,2024-03-01,2024-04-01,32.6629598381814,4.519780772534685,15.9438202247191,15,16,4,1.0
cell_00_04,2024-03-01,2024-04-01,25.6030764178042,7.5071665701746575,16.0,16,16,6,1.0
cell_00_05,2024-03-01,2024-04-01,38.57801256748225,8.489343394397853,15.903973509933776,15,16,4,1.0
cell_00_06,2024-03-01,2024-04-01,49.19647536196952,10.142866009113515,15.0,15,15,4,1.0
cell_00_07,2024-03-01,2024-04-01,64.39877030386853,5.575300421467868,15.0,15,15,4,1.0
cell_00_08,2024-03-01,2024-04-01,67.82985200454941,4.4341317350240415,15.0,15,15,4,1.0
cell_00_09,2024-03-01,2024-04-01,67.407545465519,6.546823360383463,15.0,15,15,4,1.0
cell_00_10,2024-03-01,2024-04-01,59.79074180347769,9.80798875937131,15.0,15,15,4,1.0
cell_00_11,2024-03-01,2024-04-01,40.03504975743118,11.315093518223433,15.0,15,15,4,1.0
cell_00_12,2024-03-01,2024-04-01,29.83019923532246,3.5650179072034365,15.463576158940397,15,16,4,1.0
cell_00_13,2024-03-01,2024-04-01,37.33306030728923,3.8952302574783775,15.48507462686567,15,16,4,1.0
cell_00_14,2024-03-01,2024-04-01,41.66460964670854,2.1239033510416507,14.646840148698884,14,15,4,1.0
cell_00_15,2024-03-01,2024-04-01,39.788208890317094,2.439974789020256,14.138059701492537,14,15,4,1.0
cell_00_16,2024-03-01,2024-04-01,35.02865667485479,3.490160422696031,15.097014925373134,14,16,4,1.0
cell_00_17,2024-03-01,2024-04-01,29.696182805138665,3.7255672312767936,15.658783783783784,15,16,4,1.0
cell_00_18,2024-03-01,2024-04-01,26.597276358113337,2.2992720072959596,15.667774086378738,15,16,4,1.0
cell_00_19,2024-03-01,2024-04-01,14.950516408659874,6.480109926736603,14.918819188191883,14,16,4,1.0
cell_01_00,2024-03-01,2024-04-01,39.659477603969286,7.767996435603162,14.626865671641793,14,15,4,1.0
cell_01_01,2024-03-01,2024-04-01,40.77516832244531,11.31453107643928,14.625468164794011,14,15,4,1.0
cell_01_02,2024-03-01,2024-04-01,42.92291522289994,11.020690642997407,14.948339483394836,14,15,4,1.0
cell_01_03,2024-03-01,2024-04-01,35.2218213239253,8.44115687483459,15.51324503311258,15,16,4,1.0
cell_01_04,2024-03-01,2024-04-01,28.741952915384314,8.807836283537132,15.558922558922557,15,16,6,1.0
cell_01_05,2024-03-01,2024-04-01,47.94298385506245,5.880094336576973,15.958955223880597,15,16,4,1.0
cell_01_06,2024-03-01,2024-04-01,59.61516809286238,8.35227090306159,15.501858736059479,15,16,4,1.0
cell_01_07,2024-03-01,2024-04-01,72.52582256829561,2.284546695546375,15.499999999999998,15,16,4,1.0
cell_01_08,2024-03-01,2024-04-01,69.93914157241139,5.062466353731291,15.499999999999998,15,16,4,1.0
cell_01_09,2024-03-01,2024-04-01,66.72138044569226,5.752850383911967,15.548821548821547,15,16,4,1.0
cell_01_10,2024-03-01,2024-04-01,61.329137966332844,10.495238118589617,15.556291390728475,15,16,4,1.0
cell_01_11,2024-03-01,2024-04-01,39.88963096872027,11.34089558845098,15.619926199261993,15,16,4,1.0
cell_01_12,2024-03-01,2024-04-01,31.585970679325847,5.784188012001027,15.794776119402986,15,16,4,1.0
cell_01_13,2024-03-01,2024-04-01,39.92646866128347,3.535861666552056,15.501858736059479,15,16,4,1.0
cell_01_14,2024-03-01,2024-04-01,41.379590640723926,0.9934625682566914,14.44981412639405,14,15,4,1.0
cell_01_15,2024-03-01,2024-04-01,42.044178374826096,1.999568824447852,14.0,14,14,4,1.0
cell_01_16,2024-03-01,2024-04-01,38.46960127314064,3.538965571018056,14.873754152823919,14,16,4,1.0
cell_01_17,2024-03-01,2024-04-01,31.619130397188496,3.1531201774931286,15.782608695652174,15,16,4,1.0
cell_01_18,2024-03-01,2024-04-01,25.49260202570919,2.671679453265002,16.0,16,16,4,1.0
cell_01_19,2024-03-01,2024-04-01,13.761641730123493,6.906064571076562,15.186567164179108,15,16,4,1.0
cell_02_00,2024-03-01,2024-04-01,52.18271402975883,3.991556774933614,14.0,14,14,4,1.0
cell_02_01,2024-03-01,2024-04-01,57.102259157503966,3.0140782334871217,14.0,14,14,4,1.0
cell_02_02,2024-03-01,2024-04-01,52.37060426545623,3.538512487306949,14.848993288590602,14,15,4,1.0
cell_02_03,2024-03-01,2024-04-01,40.50093040324498,6.151769158451777,15.0,15,15,4,1.0
cell_02_04,2024-03-01,2024-04-01,35.39632891537098,4.789306172086593,15.479400749063668,15,16,5,1.0
cell_02_05,2024-03-01,2024-04-01,41.03380582581706,12.409956822262604,16.0,16,16,4,1.0
cell_02_06,2024-03-01,2024-04-01,63.344440915691315,6.326873407526768,16.0,16,16,4,1.0
cell_02_07,2024-03-01,2024-04-01,72.16341236475351,8.734896752959964,16.0,16,16,4,1.0
cell_02_08,2024-03-01,2024-04-01,59.864550619030325,7.309870193558089,16.0,16,16,4,1.0
cell_02_09,2024-03-01,2024-04-01,56.74501814510359,4.270609446413174,16.0,16,16,4,1.0
cell_02_10,2024-03-01,2024-04-01,56.43130185435696,7.655080773595826,16.0,16,16,4,1.0
cell_02_11,2024-03-01,2024-04-01,39.38395604090904,9.619609209473317,16.0,16,16,4,1.0
cell_02_12,2024-03-01,2024-04-01,32.09839600947366,5.836156770072288,15.735074626865673,15,16,4,1.0
cell_02_13,2024-03-01,2024-04-01,39.95017459657458,1.467395221927641,14.850694444444445,14,16,4,1.0
cell_02_14,2024-03-01,2024-04-01,44.43870454452363,4.3421497889608744,14.152823920265782,14,15,4,1.0
cell_02_15,2024-03-01,2024-04-01,48.3148555206738,4.422003394386601,14.0,14,14,4,1.0
cell_02_16,2024-03-01,2024-04-01,41.20783536825607,5.760678486583527,14.16044776119403,14,15,4,1.0
cell_02_17,2024-03-01,2024-04-01,31.190823901458632,3.8876557750217975,14.936329588014983,14,16,4,1.0
cell_02_18,2024-03-01,2024-04-01,22.44780682276616,4.096345823515775,15.249070631970259,15,16,4,1.0
cell_02_19,2024-03-01,2024-04-01,13.416912487096953,5.055132654847362,15.04561403508772,15,16,4,1.0
cell_03_00,2024-03-01,2024-04-01,47.24272462458309,10.287075186810213,14.0,14,14,4,1.0
cell_03_01,2024-03-01,2024-04-01,46.18130683898926,11.25322842765638,14.0,14,14,4,1.0
cell_03_02,2024-03-01,2024-04-01,39.65764876977721,12.308585504893413,14.832089552238806,14,15,4,1.0
cell_03_03,2024-03-01,2024-04-01,35.118396517056134,8.422102680272536,15.440298507462686,15,16,4,1.0
cell_03_04,2024-03-01,2024-04-01,35.24805884574776,2.476706570124037,15.970149253731343,15,16,4,1.0
cell_03_05,2024-03-01,2024-04-01,35.71208967574655,12.22159547106439,16.0,16,16,6,1.0
cell_03_06,2024-03-01,2024-04-01,61.15122531107719,5.774063369165654,16.0,16,16,4,1.0
cell_03_07,2024-03-01,2024-04-01,68.71105223222213,7.995139414387221,16.0,16,16,4,1.0
cell_03_08,2024-03-01,2024-04-01,56.441422623195,3.1653949602602918,16.0,16,16,4,1.0
cell_03_09,2024-03-01,2024-04-01,57.08286214495237,3.0795015020230303,16.0,16,16,4,1.0
cell_03_10,2024-03-01,2024-04-01,53.06947950625509,8.038167900325183,16.0,16,16,4,1.0
cell_03_11,2024-03-01,2024-04-01,36.06666713513827,8.757410414921177,15.75438596491228,15,16,4,1.0
cell_03_12,2024-03-01,2024-04-01,28.6581062177487,4.755204921402297,15.196013289036545,15,16,4,1.0
cell_03_13,2024-03-01,2024-04-01,34.47719874280564,4.139402785417558,14.890070921985817,14,15,4,1.0
cell_03_14,2024-03-01,2024-04-01,42.10402957005287,5.392449865484032,14.75,14,15,4,1.0
cell_03_15,2024-03-01,2024-04-01,45.33992486925267,3.5457224880394778,14.75,14,15,4,1.0
cell_03_16,2024-03-01,2024-04-01,35.01323373787465,8.602176866967229,14.750929368029741,14,15,4,1.0
cell_03_17,2024-03-01,2024-04-01,22.881134526949403,6.925426000210077,14.921985815602838,14,15,4,1.0
cell_03_18,2024-03-01,2024-04-01,15.049569325731287,6.078727438302591,15.0,15,15,4,1.0
cell_03_19,2024-03-01,2024-04-01,14.8801411977956,3.1810486711300348,15.0,15,15,4,1.0
cell_04_00,2024-03-01,2024-04-01,32.192388363738566,5.85920882436887,14.0,14,14,4,1.0
cell_04_01,2024-03-01,2024-04-01,32.8451677698185,2.53906031095915,14.0,14,14,4,1.0
cell_04_02,2024-03-01,2024-04-01,30.422089149702842,2.434260837488169,15.216417910447761,14,16,4,1.0
cell_04_03,2024-03-01,2024-04-01,32.826047917002256,2.7031681660816895,15.941580756013742,15,16,4,1.0
cell_04_04,2024-03-01,2024-04-01,29.718477040726622,3.3900584071819586,16.0,16,16,4,1.0
cell_04_05,2024-03-01,2024-04-01,41.34093797594201,11.126569334314542,16.0,16,16,6,1.0
cell_04_06,2024-03-01,2024-04-01,55.187398293647625,6.765672633641923,16.0,16,16,4,1.0
cell_04_07,2024-03-01,2024-04-01,58.22243325451341,6.353148938480735,16.0,16,16,4,1.0
cell_04_08,2024-03-01,2024-04-01,58.21434361032779,5.867161458768751,16.0,16,16,4,1.0
cell_04_09,2024-03-01,2024-04-01,63.66362792001644,6.760397461176799,16.0,16,16,4,1.0
cell_04_10,2024-03-01,2024-04-01,48.65235976919384,9.637730857399747,16.0,16,16,4,1.0
cell_04_11,2024-03-01,2024-04-01,30.33793069270619,7.813080459851091,15.684210526315791,15,16,4,1.0
cell_04_12,2024-03-01,2024-04-01,20.910636630397608,4.610517691487815,15.0,15,15,4,1.0
cell_04_13,2024-03-01,2024-04-01,25.60082071218918,6.020533401376968,15.0,15,15,4,1.0
cell_04_14,2024-03-01,2024-04-01,33.223059590183084,6.112851076774217,15.0,15,15,4,1.0
cell_04_15,2024-03-01,2024-04-01,33.34014429462899,7.042900163401416,15.428057553956833,15,16,4,1.0
cell_04_16,2024-03-01,2024-04-01,22.115648016185062,10.276460885316805,15.780730897009967,15,16,4,1.0
cell_04_17,2024-03-01,2024-04-01,14.110207359683555,5.730106178268597,15.813148788927336,15,16,4,1.0
cell_04_18,2024-03-01,2024-04-01,14.414758232003251,2.503662486915661,15.26022304832714,15,16,4,1.0
cell_04_19,2024-03-01,2024-04-01,24.31253791922954,6.509153106295473,15.0,15,15,4,1.0
cell_05_00,2024-03-01,2024-04-01,31.12649248607123,6.0909828908257655,14.156716417910447,14,15,4,1.0
cell_05_01,2024-03-01,2024-04-01,35.40615853966313,3.6955532677313934,14.415224913494809,14,15,4,1.0
cell_05_02,2024-03-01,2024-04-01,39.67451750162827,6.259833853180419,15.265780730897006,14,16,4,1.0
cell_05_03,2024-03-01,2024-04-01,40.96157683779262,6.285565036056402,15.906810035842295,15,16,4,1.0
cell_05_04,2024-03-01,2024-04-01,32.64836518383381,6.8387766874682345,16.0,16,16,4,1.0
cell_05_05,2024-03-01,2024-04-01,47.13395531497785,9.935231366574934,16.0,16,16,5,1.0
cell_05_06,2024-03-01,2024-04-01,51.42041179315369,1.5560602851654097,16.0,16,16,4,1.0
cell_05_07,2024-03-01,2024-04-01,50.39450099127634,2.3376365783287527,16.0,16,16,4,1.0
cell_05_08,2024-03-01,2024-04-01,53.4814227653655,8.99689233040616,16.0,16,16,4,1.0
cell_05_09,2024-03-01,2024-04-01,50.62807687345918,14.253986868719736,16.0,16,16,4,1.0
cell_05_10,2024-03-01,2024-04-01,34.226729070386924,9.929796722574986,16.0,16,16,4,1.0
cell_05_11,2024-03-01,2024-04-01,24.689850992231225,6.6291988302714175,15.682835820895523,15,16,4,1.0
cell_05_12,2024-03-01,2024-04-01,16.898587365132727,1.394354705799659,15.0,15,15,4,1.0
cell_05_13,2024-03-01,2024-04-01,18.34301824396307,4.742817311568203,15.0,15,15,4,1.0
cell_05_14,2024-03-01,2024-04-01,20.293410654889037,7.00886767972174,15.0,15,15,4,1.0
cell_05_15,2024-03-01,2024-04-01,18.543150885464396,7.7252619889995575,15.510273972602741,15,16,4,1.0
cell_05_16,2024-03-01,2024-04-01,13.247724130972111,6.470458056288672,16.0,16,16,4,1.0
cell_05_17,2024-03-01,2024-04-01,10.55720160968268,1.276506408150142,16.0,16,16,4,1.0
cell_05_18,2024-03-01,2024-04-01,16.825858343893024,4.0232388896387015,15.317164179104477,15,16,4,1.0
cell_05_19,2024-03-01,2024-04-01,29.342977376545175,6.82961311897477,15.0,15,15,4,1.0
cell_06_00,2024-03-01,2024-04-01,42.06781530696035,9.182887612622922,14.142384105960266,14,15,4,1.0
cell_06_01,2024-03-01,2024-04-01,46.053451782443766,6.058647546706806,14.274021352313165,14,15,4,1.0
cell_06_02,2024-03-01,2024-04-01,49.67951216679834,5.135818332813465,14.857677902621722,14,15,4,1.0
cell_06_03,2024-03-01,2024-04-01,49.976493081050144,3.3221454455869632,15.828358208955224,15,16,4,1.0
cell_06_04,2024-03-01,2024-04-01,49.29514896335887,8.505206588846539,16.0,16,16,4,1.0
cell_06_05,2024-03-01,2024-04-01,55.91776956242623,9.717253068927603,16.0,16,16,4,1.0
cell_06_06,2024-03-01,2024-04-01,53.837275875763254,3.864982893471358,16.0,16,16,6,1.0
cell_06_07,2024-03-01,2024-04-01,52.82515682233658,2.1355089360943738,16.0,16,16,4,1.0
cell_06_08,2024-03-01,2024-04-01,49.91602229008444,5.005873709949232,16.0,16,16,4,1.0
cell_06_09,2024-03-01,2024-04-01,39.29331994412551,6.434230368827972,16.0,16,16,4,1.0
cell_06_10,2024-03-01,2024-04-01,30.89494394635622,1.8674112221733823,16.0,16,16,4,1.0
cell_06_11,2024-03-01,2024-04-01,28.284595559625064,5.391674190738086,15.694852941176471,15,16,4,1.0
cell_06_12,2024-03-01,2024-04-01,25.747689212509506,6.290327535070542,15.0,15,15,4,1.0
cell_06_13,2024-03-01,2024-04-01,26.265152475389378,5.897825746809928,15.0,15,15,4,1.0
cell_06_14,2024-03-01,2024-04-01,21.77895585814519,4.519098451931832,15.0,15,15,4,1.0
cell_06_15,2024-03-01,2024-04-01,14.589589791511425,1.6914937345438283,15.0634328358209,15,16,4,1.0
cell_06_16,2024-03-01,2024-04-01,11.662052261295605,1.5111418104294823,15.12313432835821,15,16,4,1.0
cell_06_17,2024-03-01,2024-04-01,11.086110966293898,0.5400172097943806,15.659259259259256,15,16,4,1.0
cell_06_18,2024-03-01,2024-04-01,19.703443498800922,6.053672513038575,15.33774834437086,15,16,4,1.0
cell_06_19,2024-03-01,2024-04-01,37.68536961318663,9.13632163334036,15.0,15,15,4,1.0
cell_07_00,2024-03-01,2024-04-01,47.6334705922141,1.7774494540598176,14.0,14,14,4,1.0
cell_07_01,2024-03-01,2024-04-01,50.023209215989745,1.134093882635763,14.0,14,14,4,1.0
cell_07_02,2024-03-01,2024-04-01,49.32328305315615,2.166706759531885,14.757462686567164,14,15,4,1.0
cell_07_03,2024-03-01,2024-04-01,49.613248528986624,2.6505003931018236,15.815884476534293,15,16,4,1.0
cell_07_04,2024-03-01,2024-04-01,58.75489947337979,5.066680180799422,16.0,16,16,4,1.0
cell_07_05,2024-03-01,2024-04-01,63.981719760960324,3.156780099600283,16.0,16,16,4,1.0
cell_07_06,2024-03-01,2024-04-01,60.6614560226896,4.132186069399521,15.988805970149254,15,16,6,1.0
cell_07_07,2024-03-01,2024-04-01,60.52638062434409,4.547543257916116,15.298507462686567,15,16,4,1.0
cell_07_08,2024-03-01,2024-04-01,51.68284538354767,5.55153345485135,16.0,16,16,4,1.0
cell_07_09,2024-03-01,2024-04-01,42.04974081251356,4.633479081932964,16.0,16,16,4,1.0
cell_07_10,2024-03-01,2024-04-01,37.196522630603106,3.892687538544012,15.827814569536425,15,16,4,1.0
cell_07_11,2024-03-01,2024-04-01,37.948120539620426,6.375084857809811,15.161073825503358,15,16,4,1.0
cell_07_12,2024-03-01,2024-04-01,38.7004481785333,6.2582175562377484,15.0,15,15,4,1.0
cell_07_13,2024-03-01,2024-04-01,28.6398498335881,3.6497119750208853,15.0,15,15,4,1.0
cell_07_14,2024-03-01,2024-04-01,18.77779835373608,5.595332913418787,15.0,15,15,4,1.0
cell_07_15,2024-03-01,2024-04-01,12.655149385110654,1.7265793303761667,15.0,15,15,4,1.0
cell_07_16,2024-03-01,2024-04-01,11.728428403669378,0.6580461699396408,15.0,15,15,4,1.0
cell_07_17,2024-03-01,2024-04-01,12.452152410090365,0.9462127649245855,15.066225165562914,15,16,4,1.0
cell_07_18,2024-03-01,2024-04-01,30.893679877639258,13.654999732971191,14.356877323420074,14,15,2,1.0
cell_07_19,2024-03-01,2024-04-01,49.086282978270575,6.075000762939453,14.0,14,14,2,1.0
cell_08_00,2024-03-01,2024-04-01,48.43604432291059,1.6990655262724925,13.604477611940299,13,14,4,1.0
cell_08_01,2024-03-01,2024-04-01,49.97532822267853,0.8847881623959709,13.806569343065693,13,14,4,1.0
cell_08_02,2024-03-01,2024-04-01,49.39122566324196,1.5400084970909864,14.738410596026489,14,15,4,1.0
cell_08_03,2024-03-01,2024-04-01,48.21952259297274,1.2572273887932353,15.78571428571429,15,16,4,1.0
cell_08_04,2024-03-01,2024-04-01,53.55186513644546,5.521091551870317,15.369402985074625,15,16,4,1.0
cell_08_05,2024-03-01,2024-04-01,59.70701599121094,5.103298801244895,15.246268656716417,15,16,4,1.0
cell_08_06,2024-03-01,2024-04-01,64.29082340980642,3.094750632006622,15.25,15,16,4,1.0
cell_08_07,2024-03-01,2024-04-01,64.08417797088622,5.086606736403081,15.052238805970148,15,16,4,1.0
cell_08_08,2024-03-01,2024-04-01,53.91670010884604,4.009182729319746,16.0,16,16,4,1.0
cell_08_09,2024-03-01,2024-04-01,48.53126371263271,4.24328353641865,16.0,16,16,4,1.0
cell_08_10,2024-03-01,2024-04-01,46.24735043653802,3.991787980855658,15.794776119402986,15,16,4,1.0
cell_08_11,2024-03-01,2024-04-01,43.62085870486587,2.780039886319004,15.0,15,15,4,1.0
cell_08_12,2024-03-01,2024-04-01,35.83563492903069,7.549022366239932,14.72761194029851,14,15,4,1.0
cell_08_13,2024-03-01,2024-04-01,21.42033548497442,6.6952981886720995,14.123134328358208,14,15,4,1.0
cell_08_14,2024-03-01,2024-04-01,13.590306197704912,4.200186531449037,14.112244897959187,14,15,4,1.0
cell_08_15,2024-03-01,2024-04-01,13.950794399968833,1.788104374462318,14.109271523178808,14,15,4,1.0
cell_08_16,2024-03-01,2024-04-01,23.387977624640747,7.715400279751967,14.011029411764707,14,15,3,1.0
cell_08_17,2024-03-01,2024-04-01,37.16025950208473,6.174999237060547,14.572490706319702,14,15,2,1.0
cell_08_18,2024-03-01,2024-04-01,52.71985173845823,8.230001449584961,15.0,15,15,2,1.0
cell_08_19,2024-03-01,2024-04-01,54.84052197197556,3.0,14.32342007434944,14,15,2,1.0
cell_09_00,2024-03-01,2024-04-01,55.22963326793177,4.550232919663009,13.385382059800666,13,14,4,1.0
cell_09_01,2024-03-01,2024-04-01,53.45543896185386,3.9012238121927103,13.658783783783786,13,14,4,1.0
cell_09_02,2024-03-01,2024-04-01,52.05279968033976,1.1393969647441429,14.720149253731343,14,15,4,1.0
cell_09_03,2024-03-01,2024-04-01,50.44529839416049,1.6813157412362354,15.194029850746272,15,16,4,1.0
cell_09_04,2024-03-01,2024-04-01,48.435558760344094,2.1933429020768047,15.041044776119403,15,16,4,1.0
cell_09_05,2024-03-01,2024-04-01,53.056754539261995,4.128529476013074,15.0,15,15,4,1.0
cell_09_06,2024-03-01,2024-04-01,56.08869592162678,5.106369588658689,15.0,15,15,4,1.0
cell_09_07,2024-03-01,2024-04-01,54.62079339943185,5.9347663584522525,15.029801324503312,15,16,6,1.0
cell_09_08,2024-03-01,2024-04-01,51.88863084581163,1.8103360838814149,16.0,16,16,4,1.0
cell_09_09,2024-03-01,2024-04-01,53.71459335044578,3.4387309725259194,15.881481481481481,15,16,4,1.0
cell_09_10,2024-03-01,2024-04-01,53.99298544072393,4.43936634198761,15.100746268656714,15,16,4,1.0
cell_09_11,2024-03-01,2024-04-01,43.26981258392335,6.125141846754357,14.791044776119405,14,15,4,1.0
cell_09_12,2024-03-01,2024-04-01,29.055979528787624,7.260449655994465,14.079037800687288,14,15,4,1.0
cell_09_13,2024-03-01,2024-04-01,18.794370423879055,4.7548103825500805,14.0,14,14,4,1.0
cell_09_14,2024-03-01,2024-04-01,16.723382242376154,4.033777204012755,14.0,14,14,3,1.0
cell_09_15,2024-03-01,2024-04-01,27.563717838556794,6.1399993896484375,14.0,14,14,2,1.0
cell_09_16,2024-03-01,2024-04-01,40.94955313870455,6.604999542236328,14.0,14,14,2,1.0
cell_09_17,2024-03-01,2024-04-01,58.43081679220093,9.84000015258789,14.0,14,14,2,1.0
cell_09_18,2024-03-01,2024-04-01,60.590379642367765,8.84209237544411,14.0,14,14,3,1.0
cell_09_19,2024-03-01,2024-04-01,44.98887792908319,8.22972404856307,14.0,14,14,4,1.0
cell_10_00,2024-03-01,2024-04-01,68.80925672736753,7.324591113881169,13.405204460966543,13,14,4,1.0
cell_10_01,2024-03-01,2024-04-01,60.6331724195338,7.658771845140793,13.649253731343283,13,14,4,1.0
cell_10_02,2024-03-01,2024-04-01,53.817126373746504,1.726924448372237,14.701492537313433,14,15,4,1.0
cell_10_03,2024-03-01,2024-04-01,52.997574920084936,1.1642810521953446,15.0,15,15,4,1.0
cell_10_04,2024-03-01,2024-04-01,52.84033692849649,3.0919041447359303,15.0,15,15,4,1.0
cell_10_05,2024-03-01,2024-04-01,52.4949680606261,2.907502618462458,15.0,15,15,4,1.0
cell_10_06,2024-03-01,2024-04-01,47.334486694896924,3.0961129631239013,15.0,15,15,4,1.0
cell_10_07,2024-03-01,2024-04-01,45.13752950889788,3.695136185094311,15.0,15,15,5,1.0
cell_10_08,2024-03-01,2024-04-01,51.406828624099056,1.2241938517656967,15.123134328358208,15,16,4,1.0
cell_10_09,2024-03-01,2024-04-01,53.036605963066435,3.415253006595641,15.108208955223878,15,16,4,1.0
cell_10_10,2024-03-01,2024-04-01,47.59581297244168,5.0580314584782515,15.0,15,15,4,1.0
cell_10_11,2024-03-01,2024-04-01,41.175860335495294,6.537767833438483,14.976821192052977,14,15,4,1.0
cell_10_12,2024-03-01,2024-04-01,31.811474930468222,2.0383057380694756,14.964028776978418,14,15,3,1.0
cell_10_13,2024-03-01,2024-04-01,28.444253224045482,0.3299999237060547,15.0,15,15,2,1.0
cell_10_14,2024-03-01,2024-04-01,32.24033498052341,4.444999694824219,15.0,15,15,2,1.0
cell_10_15,2024-03-01,2024-04-01,49.32394114214248,13.385002136230469,14.568773234200743,14,15,2,1.0
cell_10_16,2024-03-01,2024-04-01,68.08782723410089,3.8148607932190486,14.056140350877195,14,15,3,1.0
cell_10_17,2024-03-01,2024-04-01,63.94824569904252,9.178590732539911,14.052980132450331,14,15,4,1.0
cell_10_18,2024-03-01,2024-04-01,50.584822025704895,6.184504513641771,14.0,14,14,4,1.0
cell_10_19,2024-03-01,2024-04-01,40.193209050306635,3.1739993429778806,14.0,14,14,4,1.0
cell_11_00,2024-03-01,2024-04-01,81.21690402813812,5.999302140628467,13.854477611940297,13,14,4,1.0
cell_11_01,2024-03-01,2024-04-01,69.39899633187787,10.650601912095768,13.910780669144982,13,14,4,1.0
cell_11_02,2024-03-01,2024-04-01,58.63752586235435,3.8096350043225073,13.613559322033899,13,15,4,1.0
cell_11_03,2024-03-01,2024-04-01,58.92990180514506,3.3347797191798576,14.01324503311258,13,15,4,1.0
cell_11_04,2024-03-01,2024-04-01,57.48615440955529,2.9055931674776616,14.813186813186814,14,15,4,1.0
cell_11_05,2024-03-01,2024-04-01,59.18869415681754,3.052567213726128,15.0,15,15,4,1.0
cell_11_06,2024-03-01,2024-04-01,54.889963235428084,5.3977227715322025,15.0,15,15,4,1.0
cell_11_07,2024-03-01,2024-04-01,49.66455160681881,4.4307413431123415,15.0,15,15,4,1.0
cell_11_08,2024-03-01,2024-04-01,49.76208928071663,1.7609622196652523,15.0,15,15,5,1.0
cell_11_09,2024-03-01,2024-04-01,47.9757608577905,5.661115331044145,15.0,15,15,4,1.0
cell_11_10,2024-03-01,2024-04-01,36.198326843913335,9.980233870972334,15.0,15,15,3,1.0
cell_11_11,2024-03-01,2024-04-01,23.36358160047389,0.5299997329711914,15.0,15,15,2,1.0
cell_11_12,2024-03-01,2024-04-01,24.567760723740307,0.7050008773803711,15.0,15,15,2,1.0
cell_11_13,2024-03-01,2024-04-01,29.518060470694923,6.369999885559082,15.0,15,15,2,1.0
cell_11_14,2024-03-01,2024-04-01,48.98924982888358,17.594734959298606,15.0,15,15,4,1.0
cell_11_15,2024-03-01,2024-04-01,69.70430250357319,9.156775990326558,15.0,15,15,4,1.0
cell_11_16,2024-03-01,2024-04-01,69.7210503963002,11.19598050253017,15.0,15,15,4,1.0
cell_11_17,2024-03-01,2024-04-01,54.667985489119346,8.319008186271752,14.48507462686567,14,15,4,1.0
cell_11_18,2024-03-01,2024-04-01,43.7090676862802,3.4910274383869004,14.0,14,14,4,1.0
cell_11_19,2024-03-01,2024-04-01,40.20212721468797,2.046221501193453,14.07462686567164,14,15,4,1.0
cell_12_00,2024-03-01,2024-04-01,67.36986406345822,10.953454357886466,14.0,14,14,4,1.0
cell_12_01,2024-03-01,2024-04-01,59.7848845827223,12.006107127255563,14.0,14,14,4,1.0
cell_12_02,2024-03-01,2024-04-01,51.20832084043183,5.884205504097023,13.91970802919708,13,14,4,1.0
cell_12_03,2024-03-01,2024-04-01,58.33671727821009,5.413782073766979,13.96641791044776,13,14,4,1.0
cell_12_04,2024-03-01,2024-04-01,56.00410498434038,3.2636210248308917,14.097014925373134,14,15,4,1.0
cell_12_05,2024-03-01,2024-04-01,54.68305841132776,2.7997536866977435,14.126865671641792,14,15,4,1.0
cell_12_06,2024-03-01,2024-04-01,55.4856324665983,2.5352470081984166,14.11619718309859,14,15,4,1.0
cell_12_07,2024-03-01,2024-04-01,44.19721958337241,5.391946903137259,14.109271523178808,14,15,4,1.0
cell_12_08,2024-03-01,2024-04-01,40.19007017587184,5.000216919561578,14.074204946996469,14,15,4,1.0
cell_12_09,2024-03-01,2024-04-01,34.95196860784935,6.19999885559082,15.0,15,15,2,1.0
cell_12_10,2024-03-01,2024-04-01,21.985485532390534,5.875,15.0,15,15,2,1.0
cell_12_11,2024-03-01,2024-04-01,11.855933168041172,0.2349996566772461,15.0,15,15,2,1.0
cell_12_12,2024-03-01,2024-04-01,14.272527074985987,4.046445078956859,15.0,15,15,4,1.0
cell_12_13,2024-03-01,2024-04-01,27.550199914216204,13.238847384115829,15.0,15,15,4,1.0
cell_12_14,2024-03-01,2024-04-01,57.18552086088392,15.088122033293228,14.961805555555555,14,15,4,1.0
cell_12_15,2024-03-01,2024-04-01,81.9240890701464,15.413448450852549,14.87360594795539,14,15,4,1.0
cell_12_16,2024-03-01,2024-04-01,71.19116152359751,15.502396274078787,14.876404494382022,14,15,4,1.0
cell_12_17,2024-03-01,2024-04-01,50.2933589878367,5.312796965289698,14.380597014925373,13,15,4,1.0
cell_12_18,2024-03-01,2024-04-01,40.70676452636718,3.770772392519667,13.854545454545452,13,14,4,1.0
cell_12_19,2024-03-01,2024-04-01,38.83764983170868,3.717944913457155,14.509933774834437,13,15,4,1.0
cell_13_00,2024-03-01,2024-04-01,51.18249160546257,7.1674382431117385,13.541516245487362,13,14,4,1.0
cell_13_01,2024-03-01,2024-04-01,48.18567260343637,6.907315513198856,13.123134328358212,13,14,4,1.0
cell_13_02,2024-03-01,2024-04-01,52.71268703688437,3.0250453821988503,13.686567164179104,13,14,4,1.0
cell_13_03,2024-03-01,2024-04-01,70.26063628694905,11.329230038026035,14.0,14,14,4,1.0
cell_13_04,2024-03-01,2024-04-01,64.96223494347106,9.181712174148528,14.0,14,14,4,1.0
cell_13_05,2024-03-01,2024-04-01,50.397683099405654,5.412438995158625,14.0,14,14,4,1.0
cell_13_06,2024-03-01,2024-04-01,43.59031602552721,5.418662425353444,14.0,14,14,4,1.0
cell_13_07,2024-03-01,2024-04-01,40.551079179274545,0.8850002288818359,14.0,14,14,2,1.0
cell_13_08,2024-03-01,2024-04-01,37.234199765003304,3.05358193297537,14.007434944237916,14,15,3,1.0
cell_13_09,2024-03-01,2024-04-01,32.24193139058507,5.69999885559082,15.0,15,15,2,1.0
cell_13_10,2024-03-01,2024-04-01,20.19952766071666,4.115647180820452,14.974545454545455,14,15,4,1.0
cell_13_11,2024-03-01,2024-04-01,12.515182659871552,4.985150712871489,14.906976744186045,14,15,4,1.0
cell_13_12,2024-03-01,2024-04-01,18.44017120256816,8.781563217191856,15.0,15,15,4,1.0
cell_13_13,2024-03-01,2024-04-01,32.10910434153542,15.268084272389508,15.0,15,15,4,1.0
cell_13_14,2024-03-01,2024-04-01,56.3229591712523,6.6463008993032116,14.681647940074908,14,15,4,1.0
cell_13_15,2024-03-01,2024-04-01,59.29652801912221,10.193709215869648,14.0,14,14,4,1.0
cell_13_16,2024-03-01,2024-04-01,48.90771173287141,3.4839087445925334,14.0,14,14,4,1.0
cell_13_17,2024-03-01,2024-04-01,50.30993388736763,5.91946341022326,13.524916943521594,13,14,4,1.0
cell_13_18,2024-03-01,2024-04-01,48.25691503751076,6.349293289477415,13.0,13,13,4,1.0
cell_13_19,2024-03-01,2024-04-01,46.404999889544584,3.50466391754728,14.156716417910447,13,15,4,1.0
cell_14_00,2024-03-01,2024-04-01,57.410370551215266,7.228569026543935,13.933333333333332,13,14,4,1.0
cell_14_01,2024-03-01,2024-04-01,53.104849786900765,3.8619806598040625,13.876865671641795,13,14,4,1.0
cell_14_02,2024-03-01,2024-04-01,55.911035142626076,3.2919694432201405,14.524999999999999,13,15,4,1.0
cell_14_03,2024-03-01,2024-04-01,71.7638748244734,11.286256850694057,14.890728476821193,14,15,4,1.0
cell_14_04,2024-03-01,2024-04-01,63.59020865835795,9.722820741959463,13.571428571428571,13,15,4,1.0
cell_14_05,2024-03-01,2024-04-01,49.2822661133947,5.180000305175781,13.0,13,13,2,1.0
cell_14_06,2024-03-01,2024-04-01,44.52761242994622,1.4849987030029297,13.0,13,13,2,1.0
cell_14_07,2024-03-01,2024-04-01,48.339927106098614,2.4300003051757812,13.0,13,13,2,1.0
cell_14_08,2024-03-01,2024-04-01,51.24882232441622,1.2739783693432054,13.955882352941178,13,15,3,1.0
cell_14_09,2024-03-01,2024-04-01,36.04269045769574,14.743972551680445,15.800664451827243,14,16,5,1.0
cell_14_10,2024-03-01,2024-04-01,12.439051052675408,6.9550246382591645,14.0,14,14,4,1.0
cell_14_11,2024-03-01,2024-04-01,16.64007435627838,19.712808296774217,14.14179104477612,14,15,4,1.0
cell_14_12,2024-03-01,2024-04-01,32.55146063758193,24.292316997208246,15.0,15,15,4,1.0
cell_14_13,2024-03-01,2024-04-01,52.03335898669797,26.302157501979952,15.0,15,15,4,1.0
cell_14_14,2024-03-01,2024-04-01,70.11163751254739,22.209451572246042,14.736059479553905,14,15,4,1.0
cell_14_15,2024-03-01,2024-04-01,64.87739969889324,23.702869097705992,14.143333333333334,14,15,4,1.0
cell_14_16,2024-03-01,2024-04-01,50.95899319488731,16.717029867405877,14.0,14,14,4,1.0
cell_14_17,2024-03-01,2024-04-01,56.056678900078154,8.556930268033776,13.768656716417912,13,15,4,1.0
cell_14_18,2024-03-01,2024-04-01,56.74194705977422,4.167595262451332,13.494382022471909,13,15,4,1.0
cell_14_19,2024-03-01,2024-04-01,51.97988833459336,1.1172623545936837,14.345724907063197,13,15,4,1.0
cell_15_00,2024-03-01,2024-04-01,67.88136130165456,8.2146898450946,14.881720430107528,14,15,4,1.0
cell_15_01,2024-03-01,2024-04-01,57.86731656813463,4.074563335168482,14.890728476821193,14,15,4,1.0
cell_15_02,2024-03-01,2024-04-01,51.57610296052078,2.8958707621253015,14.955172413793104,14,15,4,1.0
cell_15_03,2024-03-01,2024-04-01,46.929405453479866,1.6949996948242188,15.0,15,15,2,1.0
cell_15_04,2024-03-01,2024-04-01,42.90144962183162,2.020000457763672,13.579925650557623,13,15,2,1.0
cell_15_05,2024-03-01,2024-04-01,40.42197785448672,0.8549995422363281,13.76492537313433,13,14,2,1.0
cell_15_06,2024-03-01,2024-04-01,41.15892538847746,6.884970740160182,14.0,14,14,3,1.0
cell_15_07,2024-03-01,2024-04-01,43.843420757407756,9.73911235857889,14.096345514950164,14,15,4,1.0
cell_15_08,2024-03-01,2024-04-01,45.68727146495472,12.020085148259867,14.929292929292929,14,15,4,1.0
cell_15_09,2024-03-01,2024-04-01,28.880448298667794,11.942949453681823,14.98134328358209,14,15,5,1.0
cell_15_10,2024-03-01,2024-04-01,16.349067325022684,17.278743362759407,14.007462686567166,14,15,4,1.0
cell_15_11,2024-03-01,2024-04-01,37.325148767499776,25.027692773374014,14.25,14,16,4,1.0
cell_15_12,2024-03-01,2024-04-01,73.20234782660185,15.569855457044369,15.12313432835821,15,16,4,1.0
cell_15_13,2024-03-01,2024-04-01,96.15163842650958,9.002820370309523,15.163879598662207,15,16,4,1.0
cell_15_14,2024-03-01,2024-04-01,109.29298115408183,2.156748043846628,15.0,15,15,4,1.0
cell_15_15,2024-03-01,2024-04-01,99.73959125689605,11.750643370363452,14.667910447761196,14,15,4,1.0
cell_15_16,2024-03-01,2024-04-01,77.68992536166188,11.63501223385242,14.093632958801496,14,15,4,1.0
cell_15_17,2024-03-01,2024-04-01,63.700519476681386,5.669454471845806,14.579925650557618,14,15,4,1.0
cell_15_18,2024-03-01,2024-04-01,56.395842348591664,3.973067936327763,15.0,15,15,4,1.0
cell_15_19,2024-03-01,2024-04-01,52.53006685102307,1.456717607988314,15.0,15,15,4,1.0
cell_16_00,2024-03-01,2024-04-01,61.62164833619423,6.502255596567587,15.0,15,15,4,1.0
cell_16_01,2024-03-01,2024-04-01,65.20453579984189,1.480001449584961,15.0,15,15,2,1.0
cell_16_02,2024-03-01,2024-04-01,57.288657288053145,7.880001068115234,15.0,15,15,2,1.0
cell_16_03,2024-03-01,2024-04-01,44.53044794566596,4.899999618530273,15.0,15,15,2,1.0
cell_16_04,2024-03-01,2024-04-01,37.653954093136,2.4250011444091797,14.305970149253731,14,15,2,1.0
cell_16_05,2024-03-01,2024-04-01,31.772284690907448,3.2909900290526255,14.0,14,14,4,1.0
cell_16_06,2024-03-01,2024-04-01,26.994815953997865,2.0849523139092927,14.08695652173913,14,15,4,1.0
cell_16_07,2024-03-01,2024-04-01,24.5199997719754,0.7570337155895808,14.868913857677901,14,15,4,1.0
cell_16_08,2024-03-01,2024-04-01,23.529925929966254,0.5071729873023563,15.0,15,15,4,1.0
cell_16_09,2024-03-01,2024-04-01,19.421115308002918,1.910172656339372,14.996282527881043,14,15,5,1.0
cell_16_10,2024-03-01,2024-04-01,25.206269022244122,21.89958105100468,14.171641791044776,14,15,4,1.0
cell_16_11,2024-03-01,2024-04-01,67.45650917958406,16.628293611999023,15.08813559322034,15,16,4,1.0
cell_16_12,2024-03-01,2024-04-01,100.29897338665083,3.114857656371568,15.778145695364236,15,16,4,1.0
cell_16_13,2024-03-01,2024-04-01,104.26981739452404,8.216468432059614,15.54981549815498,14,16,4,1.0
cell_16_14,2024-03-01,2024-04-01,103.08003767212827,13.720692412584974,14.750000000000002,14,15,4,1.0
cell_16_15,2024-03-01,2024-04-01,98.51742476847635,12.877668415820635,14.432835820895521,13,15,4,1.0
cell_16_16,2024-03-01,2024-04-01,78.13499934637721,12.509915559896983,14.115671641791044,13,15,4,1.0
cell_16_17,2024-03-01,2024-04-01,57.777972781781074,4.291813294142454,14.690721649484537,14,15,4,1.0
cell_16_18,2024-03-01,2024-04-01,51.97735020972245,1.6125363195307854,14.665562913907287,14,15,4,1.0
cell_16_19,2024-03-01,2024-04-01,50.16429048018022,1.105112914103237,14.632727272727275,14,15,4,1.0
cell_17_00,2024-03-01,2024-04-01,52.66216411875255,3.6899986267089844,15.0,15,15,2,1.0
cell_17_01,2024-03-01,2024-04-01,60.795933367601094,4.045001983642578,15.0,15,15,2,1.0
cell_17_02,2024-03-01,2024-04-01,64.80988997843728,0.10499954223632812,15.0,15,15,2,1.0
cell_17_03,2024-03-01,2024-04-01,53.86257522480942,9.72029386922894,14.307692307692305,13,15,4,1.0
cell_17_04,2024-03-01,2024-04-01,37.79970147522581,8.01211689705359,13.890365448504985,13,14,4,1.0
cell_17_05,2024-03-01,2024-04-01,28.92421664052935,3.0525519103402563,13.966417910447763,13,14,4,1.0
cell_17_06,2024-03-01,2024-04-01,25.62171627870247,1.1991739255797946,14.779850746268657,14,15,4,1.0
cell_17_07,2024-03-01,2024-04-01,24.865223315224718,0.2321635858025489,15.0,15,15,4,1.0
cell_17_08,2024-03-01,2024-04-01,24.460894954738333,1.117640439538796,15.0,15,15,4,1.0
cell_17_09,2024-03-01,2024-04-01,22.49393852442911,3.194365200504683,15.0,15,15,4,1.0
cell_17_10,2024-03-01,2024-04-01,50.188907345399166,21.834665836531464,15.0,15,15,6,1.0
cell_17_11,2024-03-01,2024-04-01,77.49956540194425,13.344176757506373,15.0,15,15,4,1.0
cell_17_12,2024-03-01,2024-04-01,93.49702586914968,10.651621493838563,15.0,15,15,4,1.0
cell_17_13,2024-03-01,2024-04-01,94.81496013812163,4.432343821692201,14.854477611940297,14,15,4,1.0
cell_17_14,2024-03-01,2024-04-01,85.7254261172837,4.148521336400623,14.249070631970259,14,15,4,1.0
cell_17_15,2024-03-01,2024-04-01,79.41260533862643,2.787014876913519,13.993055555555554,13,15,4,1.0
cell_17_16,2024-03-01,2024-04-01,73.91036332995687,6.771643675961651,13.678807947019866,13,15,4,1.0
cell_17_17,2024-03-01,2024-04-01,61.27772524726951,5.172460529514498,14.36101083032491,14,15,4,1.0
cell_17_18,2024-03-01,2024-04-01,54.18215573676013,3.441656372818574,14.375464684014869,14,15,4,1.0
cell_17_19,2024-03-01,2024-04-01,51.163284017078915,3.104693325150568,14.373134328358208,14,15,4,1.0
cell_18_00,2024-03-01,2024-04-01,54.38970144471126,4.645000457763672,14.447761194029852,14,15,2,1.0
cell_18_01,2024-03-01,2024-04-01,63.64691349003938,7.745426682404005,14.899328859060404,14,15,4,1.0
cell_18_02,2024-03-01,2024-04-01,69.13538145147685,5.930451518876523,14.890365448504985,14,15,4,1.0
cell_18_03,2024-03-01,2024-04-01,59.04166683620877,12.754244434763143,13.825925925925926,13,15,4,1.0
cell_18_04,2024-03-01,2024-04-01,38.77739887166645,10.363721495191118,13.126394052044612,13,14,4,1.0
cell_18_05,2024-03-01,2024-04-01,28.294007226322474,4.22621271398486,13.831460674157302,13,15,4,1.0
cell_18_06,2024-03-01,2024-04-01,24.309552370612302,4.054561870579477,14.791044776119403,14,15,4,1.0
cell_18_07,2024-03-01,2024-04-01,23.30682783455684,4.02266999503681,15.0,15,15,4,1.0
cell_18_08,2024-03-01,2024-04-01,26.537384911088754,4.183487772466783,15.0,15,15,4,1.0
cell_18_09,2024-03-01,2024-04-01,32.629205751935494,7.78991307647161,15.0,15,15,4,1.0
cell_18_10,2024-03-01,2024-04-01,71.99415694104597,18.232300399327517,15.0,15,15,5,1.0
cell_18_11,2024-03-01,2024-04-01,63.45123160063331,5.121940324815046,15.0,15,15,4,1.0
cell_18_12,2024-03-01,2024-04-01,74.53022571806605,7.096361525497722,15.0,15,15,4,1.0
cell_18_13,2024-03-01,2024-04-01,86.31531382278656,5.229307649930623,15.0,15,15,4,1.0
cell_18_14,2024-03-01,2024-04-01,85.27443553596143,3.4136110636358303,15.0,15,15,4,1.0
cell_18_15,2024-03-01,2024-04-01,79.2852119824565,3.358351540477668,14.833333333333334,14,15,4,1.0
cell_18_16,2024-03-01,2024-04-01,71.62835625036438,4.462814197645745,14.582089552238804,14,15,4,1.0
cell_18_17,2024-03-01,2024-04-01,64.27119250795734,2.9228274526291833,15.0,15,15,4,1.0
cell_18_18,2024-03-01,2024-04-01,60.13022232055664,3.104120270838674,15.0,15,15,4,1.0
cell_18_19,2024-03-01,2024-04-01,58.02957513146366,4.295476932313228,15.0,15,15,4,1.0
cell_19_00,2024-03-01,2024-04-01,66.62476985501927,7.753034734555045,14.0,14,14,4,1.0
cell_19_01,2024-03-01,2024-04-01,76.84092261958384,6.0398308180807785,14.0,14,14,4,1.0
cell_19_02,2024-03-01,2024-04-01,77.72585658173062,11.759134413270123,14.0,14,14,4,1.0
cell_19_03,2024-03-01,2024-04-01,56.77287202094917,17.071221723075723,14.0,14,14,4,1.0
cell_19_04,2024-03-01,2024-04-01,31.67458905746688,10.127306836747884,14.0,14,14,4,1.0
cell_19_05,2024-03-01,2024-04-01,21.29902739657296,4.349283528156134,14.711805555555557,14,15,4,1.0
cell_19_06,2024-03-01,2024-04-01,16.652525163568136,3.554352630228268,15.0,15,15,4,1.0
cell_19_07,2024-03-01,2024-04-01,16.011613346769817,1.8622971342576837,15.0,15,15,4,1.0
cell_19_08,2024-03-01,2024-04-01,24.453918382303044,5.254385738745277,15.0,15,15,4,1.0
cell_19_09,2024-03-01,2024-04-01,46.414851032086275,14.298829002252178,15.0,15,15,4,1.0
cell_19_10,2024-03-01,2024-04-01,73.85067183935821,12.270496162014474,15.0,15,15,4,1.0
cell_19_11,2024-03-01,2024-04-01,60.99925543061385,6.434015272062631,15.0,15,15,4,1.0
cell_19_12,2024-03-01,2024-04-01,72.29574567218158,2.68963307101021,15.0,15,15,4,1.0
cell_19_13,2024-03-01,2024-04-01,74.75406787269993,7.137861417141553,15.0,15,15,4,1.0
cell_19_14,2024-03-01,2024-04-01,74.42334655137753,9.082945999211818,15.0,15,15,4,1.0
cell_19_15,2024-03-01,2024-04-01,73.45929044751979,6.720886197665423,15.0,15,15,4,1.0
cell_19_16,2024-03-01,2024-04-01,70.40936227862754,4.5674409957526585,15.0,15,15,4,1.0
cell_19_17,2024-03-01,2024-04-01,69.79960426495231,8.016974314759109,15.0,15,15,4,1.0
cell_19_18,2024-03-01,2024-04-01,71.62301239114723,9.039836239259904,15.0,15,15,4,1.0
cell_19_19,2024-03-01,2024-04-01,70.29649330510034,8.012992711812167,15.0,15,15,4,1.0
cell_20_00,2024-03-01,2024-04-01,73.10253655732566,9.66121831854429,14.0,14,14,4,1.0
cell_20_01,2024-03-01,2024-04-01,83.25179111423778,8.670021556708818,14.0,14,14,4,1.0
cell_20_02,2024-03-01,2024-04-01,69.41126846199604,19.17684204588083,14.0,14,14,4,1.0
cell_20_03,2024-03-01,2024-04-01,39.208982173183514,11.455193930907067,14.0,14,14,4,1.0
cell_20_04,2024-03-01,2024-04-01,22.947416760274116,4.689141765022406,14.0,14,14,4,1.0
cell_20_05,2024-03-01,2024-04-01,15.543155974530162,2.796913223926066,14.489361702127658,14,15,4,1.0
cell_20_06,2024-03-01,2024-04-01,12.573754757310379,1.2912275932967765,14.750929368029743,14,15,4,1.0
cell_20_07,2024-03-01,2024-04-01,12.998246427792223,1.0273357782903383,14.750000000000002,14,15,4,1.0
cell_20_08,2024-03-01,2024-04-01,20.816988640115156,4.98932055798075,14.750929368029736,14,15,4,1.0
cell_20_09,2024-03-01,2024-04-01,54.35946077580075,18.172445228077983,14.723021582733814,14,15,4,1.0
cell_20_10,2024-03-01,2024-04-01,56.71580850330517,5.36934972278227,14.973597359735974,14,15,4,1.0
cell_20_11,2024-03-01,2024-04-01,53.18482605727403,9.4449126667998,15.0,15,15,6,1.0
cell_20_12,2024-03-01,2024-04-01,68.67187199967631,3.5588673542863125,15.0,15,15,4,1.0
cell_20_13,2024-03-01,2024-04-01,67.65750860902014,3.130792706995095,15.0,15,15,4,1.0
cell_20_14,2024-03-01,2024-04-01,62.58380733319183,0.4999187134471621,15.0,15,15,4,1.0
cell_20_15,2024-03-01,2024-04-01,63.87691009521485,2.499989953745722,15.0,15,15,4,1.0
cell_20_16,2024-03-01,2024-04-01,71.0744528025884,8.107282717625408,15.0,15,15,4,1.0
cell_20_17,2024-03-01,2024-04-01,82.658665879132,6.50234059732052,15.0,15,15,4,1.0
cell_20_18,2024-03-01,2024-04-01,84.63406796241874,5.286562078811992,15.0,15,15,4,1.0
cell_20_19,2024-03-01,2024-04-01,77.74402945788938,3.0690579475609607,15.0,15,15,4,1.0
cell_21_00,2024-03-01,2024-04-01,57.91895383863307,11.168218742590748,14.0,14,14,4,1.0
cell_21_01,2024-03-01,2024-04-01,66.7998242445395,6.981878532222548,14.0,14,14,4,1.0
cell_21_02,2024-03-01,2024-04-01,50.957609411093884,19.93506447369496,14.0,14,14,4,1.0
cell_21_03,2024-03-01,2024-04-01,28.41443666941683,7.047462235742345,14.0,14,14,4,1.0
cell_21_04,2024-03-01,2024-04-01,21.26503714518761,4.023036717964392,14.0,14,14,4,1.0
cell_21_05,2024-03-01,2024-04-01,15.700634184168347,2.630849488437042,14.0,14,14,4,1.0
cell_21_06,2024-03-01,2024-04-01,11.798022380515711,1.306012436304431,14.0,14,14,4,1.0
cell_21_07,2024-03-01,2024-04-01,13.334854837776959,2.5632692305292744,14.0,14,14,4,1.0
cell_21_08,2024-03-01,2024-04-01,24.983554719690467,8.187378229578169,14.0,14,14,4,1.0
cell_21_09,2024-03-01,2024-04-01,57.1952730988803,17.301396048476306,13.705479452054796,13,14,4,1.0
cell_21_10,2024-03-01,2024-04-01,48.558104617888155,8.190561883117846,14.869888475836431,13,15,4,1.0
cell_21_11,2024-03-01,2024-04-01,42.0123685822451,8.35617485601179,15.0,15,15,5,1.0
cell_21_12,2024-03-01,2024-04-01,57.609665400946334,6.975251393180273,14.97761194029851,14,15,4,1.0
cell_21_13,2024-03-01,2024-04-01,61.74284341678408,3.7787202551377206,14.619926199261995,14,15,4,1.0
cell_21_14,2024-03-01,2024-04-01,61.3605636066159,0.783019437015732,14.556291390728475,14,15,4,1.0
cell_21_15,2024-03-01,2024-04-01,63.64932239338504,5.022317105310409,14.644067796610171,14,15,4,1.0
cell_21_16,2024-03-01,2024-04-01,73.7141209005863,7.086009014080882,15.0,15,15,4,1.0
cell_21_17,2024-03-01,2024-04-01,82.15353314140916,7.4387863733670745,15.0,15,15,4,1.0
cell_21_18,2024-03-01,2024-04-01,79.09253778030623,10.790057401548886,15.0,15,15,4,1.0
cell_21_19,2024-03-01,2024-04-01,67.6491042891545,9.907699489293798,15.0,15,15,4,1.0
cell_22_00,2024-03-01,2024-04-01,40.59604637171344,7.538724559778337,14.358803986710965,14,16,4,1.0
cell_22_01,2024-03-01,2024-04-01,53.70230788117522,7.091817575593614,14.234265734265735,14,15,4,1.0
cell_22_02,2024-03-01,2024-04-01,42.10018759452448,16.361740076053838,14.131086142322095,14,15,4,1.0
cell_22_03,2024-03-01,2024-04-01,20.744775971369958,4.299246623688386,14.0,14,14,4,1.0
cell_22_04,2024-03-01,2024-04-01,17.938951292287996,2.4667846699876046,14.0,14,14,4,1.0
cell_22_05,2024-03-01,2024-04-01,14.789050937569053,2.1563916374017364,14.0,14,14,4,1.0
cell_22_06,2024-03-01,2024-04-01,12.875182699919538,1.0300971512207484,14.0,14,14,4,1.0
cell_22_07,2024-03-01,2024-04-01,17.149109370087928,3.607356059361192,14.0,14,14,4,1.0
cell_22_08,2024-03-01,2024-04-01,32.50374453969662,8.885078355886995,14.0,14,14,4,1.0
cell_22_09,2024-03-01,2024-04-01,58.65649193436352,12.989602466840617,13.16044776119403,13,14,4,1.0
cell_22_10,2024-03-01,2024-04-01,48.98582135385542,7.618913443686012,14.119402985074629,13,15,4,1.0
cell_22_11,2024-03-01,2024-04-01,39.79977613420629,4.330386480478884,14.6044776119403,13,15,4,1.0
cell_22_12,2024-03-01,2024-04-01,47.71910111745199,5.6033010243632395,14.530000000000001,14,15,5,1.0
cell_22_13,2024-03-01,2024-04-01,56.44765853881835,2.6155545792848454,14.0,14,14,4,1.0
cell_22_14,2024-03-01,2024-04-01,60.80156720574222,2.0805345152009584,14.0,14,14,4,1.0
cell_22_15,2024-03-01,2024-04-01,61.01470140200942,6.341042806081742,14.100746268656717,14,15,4,1.0
cell_22_16,2024-03-01,2024-04-01,68.3580973610949,6.000047667027938,14.499999999999998,14,15,4,1.0
cell_22_17,2024-03-01,2024-04-01,69.6579849755586,5.679033809676368,14.649253731343283,14,15,4,1.0
cell_22_18,2024-03-01,2024-04-01,66.56180450031191,5.710994761293678,14.802675585284279,14,15,4,1.0
cell_22_19,2024-03-01,2024-04-01,59.8733224076686,3.2669131366204884,14.445182724252492,14,15,4,1.0
