cell_id,s2_valid_months,s2_missing_months,viirs_valid_months,era5_valid_months
cell_00_00,11,1,12,12
cell_00_01,12,0,12,12
cell_00_02,12,0,12,12
cell_00_03,12,0,12,12
cell_00_04,12,0,12,12
cell_00_05,12,0,12,12
cell_00_06,12,0,12,12
cell_00_07,10,2,12,12
cell_00_08,10,2,12,12
cell_00_09,11,1,12,12
cell_00_10,12,0,12,12
cell_00_11,12,0,12,12
cell_00_12,12,0,12,12
cell_00_13,10,2,12,12
cell_00_14,10,2,12,12
cell_00_15,10,2,12,12
cell_00_16,10,2,12,12
cell_00_17,10,2,12,12
cell_00_18,10,2,12,12
cell_00_19,12,0,12,12
cell_01_00,12,0,12,12
cell_01_01,12,0,12,12
cell_01_02,12,0,12,12
cell_01_03,12,0,12,12
cell_01_04,12,0,12,12
cell_01_05,12,0,12,12
cell_01_06,11,1,12,12
cell_01_07,11,1,12,12
cell_01_08,10,2,12,12
cell_01_09,11,1,12,12
cell_01_10,12,0,12,12
cell_01_11,12,0,12,12
cell_01_12,11,1,12,12
cell_01_13,10,2,12,12
cell_01_14,10,2,12,12
cell_01_15,10,2,12,12
cell_01_16,11,1,12,12
cell_01_17,11,1,12,12
cell_01_18,11,1,12,12
cell_01_19,11,1,12,12
cell_02_00,12,0,12,12
cell_02_01,12,0,12,12
cell_02_02,12,0,12,12
cell_02_03,12,0,12,12
cell_02_04,12,0,12,12
cell_02_05,11,1,12,12
cell_02_06,11,1,12,12
cell_02_07,11,1,12,12
cell_02_08,10,2,12,12
cell_02_09,11,1,12,12
cell_02_10,12,0,12,12
cell_02_11,12,0,12,12
cell_02_12,11,1,12,12
cell_02_13,11,1,12,12
cell_02_14,10,2,12,12
cell_02_15,11,1,12,12
cell_02_16,11,1,12,12
cell_02_17,11,1,12,12
cell_02_18,11,1,12,12
cell_02_19,12,0,12,12
cell_03_00,12,0,12,12
cell_03_01,12,0,12,12
cell_03_02,12,0,12,12
cell_03_03,12,0,12,12
cell_03_04,12,0,12,12
cell_03_05,11,1,12,12
cell_03_06,11,1,12,12
cell_03_07,10,2,12,12
cell_03_08,11,1,12,12
cell_03_09,12,0,12,12
cell_03_10,12,0,12,12
cell_03_11,12,0,12,12
cell_03_12,10,2,12,12
cell_03_13,11,1,12,12
cell_03_14,11,1,12,12
cell_03_15,11,1,12,12
cell_03_16,11,1,12,12
cell_03_17,11,1,12,12
cell_03_18,12,0,12,12
cell_03_19,12,0,12,12
cell_04_00,12,0,12,12
cell_04_01,12,0,12,12
cell_04_02,12,0,12,12
cell_04_03,12,0,12,12
cell_04_04,12,0,12,12
cell_04_05,11,1,12,12
cell_04_06,11,1,12,12
cell_04_07,11,1,12,12
cell_04_08,11,1,12,12
cell_04_09,11,1,12,12
cell_04_10,12,0,12,12
cell_04_11,11,1,12,12
cell_04_12,11,1,12,12
cell_04_13,10,2,12,12
cell_04_14,10,2,12,12
cell_04_15,11,1,12,12
cell_04_16,11,1,12,12
cell_04_17,11,1,12,12
cell_04_18,12,0,12,12
cell_04_19,12,0,12,12
cell_05_00,12,0,12,12
cell_05_01,12,0,12,12
cell_05_02,12,0,12,12
cell_05_03,12,0,12,12
cell_05_04,12,0,12,12
cell_05_05,12,0,12,12
cell_05_06,12,0,12,12
cell_05_07,11,1,12,12
cell_05_08,11,1,12,12
cell_05_09,11,1,12,12
cell_05_10,11,1,12,12
cell_05_11,11,1,12,12
cell_05_12,11,1,12,12
cell_05_13,10,2,12,12
cell_05_14,10,2,12,12
cell_05_15,11,1,12,12
cell_05_16,11,1,12,12
cell_05_17,11,1,12,12
cell_05_18,12,0,12,12
cell_05_19,12,0,12,12
cell_06_00,12,0,12,12
cell_06_01,12,0,12,12
cell_06_02,12,0,12,12
cell_06_03,12,0,12,12
cell_06_04,12,0,12,12
cell_06_05,12,0,12,12
cell_06_06,11,1,12,12
cell_06_07,11,1,12,12
cell_06_08,11,1,12,12
cell_06_09,11,1,12,12
cell_06_10,11,1,12,12
cell_06_11,11,1,12,12
cell_06_12,11,1,12,12
cell_06_13,10,2,12,12
cell_06_14,11,1,12,12
cell_06_15,11,1,12,12
cell_06_16,11,1,12,12
cell_06_17,11,1,12,12
cell_06_18,12,0,12,12
cell_06_19,12,0,12,12
cell_07_00,12,0,12,12
cell_07_01,12,0,12,12
cell_07_02,12,0,12,12
cell_07_03,12,0,12,12
cell_07_04,12,0,12,12
cell_07_05,12,0,12,12
cell_07_06,11,1,12,12
cell_07_07,11,1,12,12
cell_07_08,12,0,12,12
cell_07_09,11,1,12,12
cell_07_10,11,1,12,12
cell_07_11,10,2,12,12
cell_07_12,10,2,12,12
cell_07_13,11,1,12,12
cell_07_14,11,1,12,12
cell_07_15,12,0,12,12
cell_07_16,12,0,12,12
cell_07_17,12,0,12,12
cell_07_18,12,0,12,12
cell_07_19,12,0,12,12
cell_08_00,12,0,12,12
cell_08_01,12,0,12,12
cell_08_02,12,0,12,12
cell_08_03,12,0,12,12
cell_08_04,12,0,12,12
cell_08_05,11,1,12,12
cell_08_06,12,0,12,12
cell_08_07,12,0,12,12
cell_08_08,11,1,12,12
cell_08_09,11,1,12,12
cell_08_10,11,1,12,12
cell_08_11,10,2,12,12
cell_08_12,11,1,12,12
cell_08_13,11,1,12,12
cell_08_14,12,0,12,12
cell_08_15,12,0,12,12
cell_08_16,12,0,12,12
cell_08_17,12,0,12,12
cell_08_18,12,0,12,12
cell_08_19,12,0,12,12
cell_09_00,11,1,12,12
cell_09_01,12,0,12,12
cell_09_02,12,0,12,12
cell_09_03,12,0,12,12
cell_09_04,12,0,12,12
cell_09_05,12,0,12,12
cell_09_06,11,1,12,12
cell_09_07,11,1,12,12
cell_09_08,11,1,12,12
cell_09_09,11,1,12,12
cell_09_10,11,1,12,12
cell_09_11,10,2,12,12
cell_09_12,11,1,12,12
cell_09_13,12,0,12,12
cell_09_14,12,0,12,12
cell_09_15,12,0,12,12
cell_09_16,12,0,12,12
cell_09_17,12,0,12,12
cell_09_18,12,0,12,12
cell_09_19,12,0,12,12
cell_10_00,12,0,12,12
cell_10_01,12,0,12,12
cell_10_02,12,0,12,12
cell_10_03,12,0,12,12
cell_10_04,12,0,12,12
cell_10_05,11,1,12,12
cell_10_06,11,1,12,12
cell_10_07,11,1,12,12
cell_10_08,11,1,12,12
cell_10_09,10,2,12,12
cell_10_10,11,1,12,12
cell_10_11,10,2,12,12
cell_10_12,11,1,12,12
cell_10_13,12,0,12,12
cell_10_14,12,0,12,12
cell_10_15,12,0,12,12
cell_10_16,12,0,12,12
cell_10_17,11,1,12,12
cell_10_18,12,0,12,12
cell_10_19,12,0,12,12
cell_11_00,12,0,12,12
cell_11_01,12,0,12,12
cell_11_02,12,0,12,12
cell_11_03,12,0,12,12
cell_11_04,12,0,12,12
cell_11_05,11,1,12,12
cell_11_06,11,1,12,12
cell_11_07,11,1,12,12
cell_11_08,10,2,12,12
cell_11_09,10,2,12,12
cell_11_10,11,1,12,12
cell_11_11,10,2,12,12
cell_11_12,11,1,12,12
cell_11_13,12,0,12,12
cell_11_14,12,0,12,12
cell_11_15,12,0,12,12
cell_11_16,12,0,12,12
cell_11_17,12,0,12,12
cell_11_18,12,0,12,12
cell_11_19,12,0,12,12
cell_12_00,12,0,12,12
cell_12_01,12,0,12,12
cell_12_02,12,0,12,12
cell_12_03,12,0,12,12
cell_12_04,11,1,12,12
cell_12_05,11,1,12,12
cell_12_06,11,1,12,12
cell_12_07,11,1,12,12
cell_12_08,11,1,12,12
cell_12_09,10,2,12,12
cell_12_10,12,0,12,12
cell_12_11,11,1,12,12
cell_12_12,11,1,12,12
cell_12_13,12,0,12,12
cell_12_14,12,0,12,12
cell_12_15,12,0,12,12
cell_12_16,12,0,12,12
cell_12_17,12,0,12,12
cell_12_18,11,1,12,12
cell_12_19,12,0,12,12
cell_13_00,12,0,12,12
cell_13_01,12,0,12,12
cell_13_02,12,0,12,12
cell_13_03,12,0,12,12
cell_13_04,12,0,12,12
cell_13_05,11,1,12,12
cell_13_06,12,0,12,12
cell_13_07,11,1,12,12
cell_13_08,11,1,12,12
cell_13_09,12,0,12,12
cell_13_10,12,0,12,12
cell_13_11,12,0,12,12
cell_13_12,12,0,12,12
cell_13_13,12,0,12,12
cell_13_14,12,0,12,12
cell_13_15,12,0,12,12
cell_13_16,12,0,12,12
cell_13_17,12,0,12,12
cell_13_18,12,0,12,12
cell_13_19,12,0,12,12
cell_14_00,12,0,12,12
cell_14_01,12,0,12,12
cell_14_02,12,0,12,12
cell_14_03,12,0,12,12
cell_14_04,12,0,12,12
cell_14_05,12,0,12,12
cell_14_06,12,0,12,12
cell_14_07,12,0,12,12
cell_14_08,12,0,12,12
cell_14_09,10,2,12,12
cell_14_10,12,0,12,12
cell_14_11,12,0,12,12
cell_14_12,12,0,12,12
cell_14_13,12,0,12,12
cell_14_14,11,1,12,12
cell_14_15,12,0,12,12
cell_14_16,12,0,12,12
cell_14_17,12,0,12,12
cell_14_18,12,0,12,12
cell_14_19,12,0,12,12
cell_15_00,12,0,12,12
cell_15_01,12,0,12,12
cell_15_02,12,0,12,12
cell_15_03,12,0,12,12
cell_15_04,12,0,12,12
cell_15_05,12,0,12,12
cell_15_06,12,0,12,12
cell_15_07,12,0,12,12
cell_15_08,12,0,12,12
cell_15_09,12,0,12,12
cell_15_10,12,0,12,12
cell_15_11,12,0,12,12
cell_15_12,12,0,12,12
cell_15_13,11,1,12,12
cell_15_14,11,1,12,12
cell_15_15,12,0,12,12
cell_15_16,11,1,12,12
cell_15_17,12,0,12,12
cell_15_18,11,1,12,12
cell_15_19,10,2,12,12
cell_16_00,12,0,12,12
cell_16_01,12,0,12,12
cell_16_02,12,0,12,12
cell_16_03,12,0,12,12
cell_16_04,12,0,12,12
cell_16_05,12,0,12,12
cell_16_06,12,0,12,12
cell_16_07,12,0,12,12
cell_16_08,12,0,12,12
cell_16_09,12,0,12,12
cell_16_10,12,0,12,12
cell_16_11,12,0,12,12
cell_16_12,10,2,12,12
cell_16_13,11,1,12,12
cell_16_14,11,1,12,12
cell_16_15,11,1,12,12
cell_16_16,11,1,12,12
cell_16_17,11,1,12,12
cell_16_18,11,1,12,12
cell_16_19,11,1,12,12
cell_17_00,12,0,12,12
cell_17_01,12,0,12,12
cell_17_02,12,0,12,12
cell_17_03,12,0,12,12
cell_17_04,12,0,12,12
cell_17_05,12,0,12,12
cell_17_06,12,0,12,12
cell_17_07,12,0,12,12
cell_17_08,12,0,12,12
cell_17_09,12,0,12,12
cell_17_10,12,0,12,12
cell_17_11,12,0,12,12
cell_17_12,11,1,12,12
cell_17_13,11,1,12,12
cell_17_14,10,2,12,12
cell_17_15,10,2,12,12
cell_17_16,10,2,12,12
cell_17_17,10,2,12,12
cell_17_18,11,1,12,12
cell_17_19,11,1,12,12
cell_18_00,12,0,12,12
cell_18_01,12,0,12,12
cell_18_02,12,0,12,12
cell_18_03,12,0,12,12
cell_18_04,12,0,12,12
cell_18_05,12,0,12,12
cell_18_06,12,0,12,12
cell_18_07,12,0,12,12
cell_18_08,12,0,12,12
cell_18_09,12,0,12,12
cell_18_10,12,0,12,12
cell_18_11,12,0,12,12
cell_18_12,12,0,12,12
cell_18_13,11,1,12,12
cell_18_14,10,2,12,12
cell_18_15,10,2,12,12
cell_18_16,11,1,12,12
cell_18_17,11,1,12,12
cell_18_18,10,2,12,12
cell_18_19,11,1,12,12
cell_19_00,12,0,12,12
cell_19_01,12,0,12,12
cell_19_02,12,0,12,12
cell_19_03,12,0,12,12
cell_19_04,12,0,12,12
cell_19_05,12,0,12,12
cell_19_06,11,1,12,12
cell_19_07,12,0,12,12
cell_19_08,12,0,12,12
cell_19_09,12,0,12,12
cell_19_10,12,0,12,12
cell_19_11,12,0,12,12
cell_19_12,11,1,12,12
cell_19_13,11,1,12,12
cell_19_14,10,2,12,12
cell_19_15,10,2,12,12
cell_19_16,11,1,12,12
cell_19_17,11,1,12,12
cell_19_18,11,1,12,12
cell_19_19,11,1,12,12
cell_20_00,12,0,12,12
cell_20_01,12,0,12,12
cell_20_02,12,0,12,12
cell_20_03,12,0,12,12
cell_20_04,12,0,12,12
cell_20_05,12,0,12,12
cell_20_06,11,1,12,12
cell_20_07,11,1,12,12
cell_20_08,12,0,12,12
cell_20_09,12,0,12,12
cell_20_10,12,0,12,12
cell_20_11,11,1,12,12
cell_20_12,10,2,12,12
cell_20_13,10,2,12,12
cell_20_14,10,2,12,12
cell_20_15,10,2,12,12
cell_20_16,10,2,12,12
cell_20_17,11,1,12,12
cell_20_18,11,1,12,12
cell_20_19,11,1,12,12
cell_21_00,12,0,12,12
cell_21_01,12,0,12,12
cell_21_02,12,0,12,12
cell_21_03,12,0,12,12
cell_21_04,12,0,12,12
cell_21_05,12,0,12,12
cell_21_06,11,1,12,12
cell_21_07,12,0,12,12
cell_21_08,12,0,12,12
cell_21_09,12,0,12,12
cell_21_10,12,0,12,12
cell_21_11,11,1,12,12
cell_21_12,11,1,12,12
cell_21_13,10,2,12,12
cell_21_14,10,2,12,12
cell_21_15,10,2,12,12
cell_21_16,10,2,12,12
cell_21_17,11,1,12,12
cell_21_18,11,1,12,12
cell_21_19,10,2,12,12
cell_22_00,12,0,12,12
cell_22_01,12,0,12,12
cell_22_02,12,0,12,12
cell_22_03,12,0,12,12
cell_22_04,12,0,12,12
cell_22_05,12,0,12,12
cell_22_06,11,1,12,12
cell_22_07,11,1,12,12
cell_22_08,12,0,12,12
cell_22_09,12,0,12,12
cell_22_10,11,1,12,12
cell_22_11,12,0,12,12
cell_22_12,12,0,12,12
cell_22_13,12,0,12,12
cell_22_14,11,1,12,12
cell_22_15,11,1,12,12
cell_22_16,11,1,12,12
cell_22_17,10,2,12,12
cell_22_18,10,2,12,12
cell_22_19,10,2,12,12
