month,feature,mean,median,std,min,max,valid_count
2023-04,ndvi_mean,0.3155,0.3046,0.1171,-0.0103,0.7194,460
2023-04,ndbi_mean,-0.0624,-0.0529,0.0764,-0.4683,0.0737,460
2023-04,ndwi_mean,-0.3303,-0.3277,0.0978,-0.6644,0.0556,460
2023-04,viirs_avg_rad_mean,38.3098,41.3231,13.4982,11.5389,83.0099,460
2023-04,era5_temperature_mean,26.773,26.773,0.0063,26.7666,26.7793,460
2023-04,era5_precipitation_total,20.8326,20.8326,0.2504,20.5825,21.0828,460
2023-04,era5_wind_speed_mean,2.3566,2.3566,0.0037,2.3529,2.3603,460
2023-05,ndvi_mean,0.3299,0.3179,0.1271,-0.0488,0.7544,460
2023-05,ndbi_mean,-0.063,-0.0522,0.078,-0.444,0.0798,460
2023-05,ndwi_mean,-0.3444,-0.3355,0.1046,-0.6916,0.0764,460
2023-05,viirs_avg_rad_mean,37.3056,39.296,12.3114,12.5508,75.7021,460
2023-05,era5_temperature_mean,29.293,29.293,0.0081,29.2849,29.3011,460
2023-05,era5_precipitation_total,73.4715,73.4715,0.5927,72.8794,74.0635,460
2023-05,era5_wind_speed_mean,2.4233,2.4233,0.0086,2.4147,2.4318,460
2023-06,ndvi_mean,0.3308,0.317,0.1416,-0.1842,0.8558,460
2023-06,ndbi_mean,-0.0594,-0.0484,0.0783,-0.4689,0.0929,460
2023-06,ndwi_mean,-0.3422,-0.3356,0.1207,-0.7653,0.2101,460
2023-06,viirs_avg_rad_mean,35.5045,36.6609,10.6198,13.0871,62.4918,460
2023-06,era5_temperature_mean,31.3468,31.3468,0.0031,31.3438,31.3499,460
2023-06,era5_precipitation_total,99.138,99.138,4.5567,94.5862,103.6897,460
2023-06,era5_wind_speed_mean,2.4678,2.4678,0.0075,2.4603,2.4753,460
2023-07,ndvi_mean,0.3149,0.3131,0.111,-0.0745,0.5701,342
2023-07,ndbi_mean,-0.1164,-0.1046,0.1063,-0.4441,0.2035,342
2023-07,ndwi_mean,-0.2579,-0.2626,0.0946,-0.4736,0.1466,342
2023-07,viirs_avg_rad_mean,32.3933,33.3198,11.9818,10.1205,73.783,460
2023-07,era5_temperature_mean,28.9894,28.9894,0.0135,28.9759,29.0029,460
2023-07,era5_precipitation_total,277.6857,277.6857,5.3479,272.3437,283.0278,460
2023-07,era5_wind_speed_mean,2.1656,2.1656,0.011,2.1547,2.1766,460
2023-08,ndvi_mean,0.3611,0.3537,0.1801,-0.0905,0.8834,460
2023-08,ndbi_mean,-0.1007,-0.09,0.0935,-0.3605,0.107,460
2023-08,ndwi_mean,-0.3712,-0.3704,0.1527,-0.7835,0.0419,460
2023-08,viirs_avg_rad_mean,34.2907,35.1171,10.1264,13.7812,63.8934,460
2023-08,era5_temperature_mean,29.6263,29.6263,0.0307,29.5956,29.6569,460
2023-08,era5_precipitation_total,64.6452,64.6452,3.8976,60.7519,68.5386,460
2023-08,era5_wind_speed_mean,2.6434,2.6434,0.0338,2.6096,2.6772,460
2023-09,ndvi_mean,0.3105,0.3394,0.2789,-1.0,0.861,322
2023-09,ndbi_mean,-0.055,-0.0746,0.195,-0.4649,1.0,322
2023-09,ndwi_mean,-0.3014,-0.3312,0.2639,-0.7698,1.0,322
2023-09,viirs_avg_rad_mean,30.8714,31.2848,12.3085,8.6169,70.6443,460
2023-09,era5_temperature_mean,28.5797,28.5797,0.0383,28.5415,28.6179,460
2023-09,era5_precipitation_total,98.7352,98.7352,3.8152,94.9242,102.5463,460
2023-09,era5_wind_speed_mean,2.0625,2.0625,0.0208,2.0417,2.0832,460
2023-10,ndvi_mean,0.3533,0.3457,0.1433,-0.0815,0.7672,460
2023-10,ndbi_mean,-0.0888,-0.0804,0.0786,-0.387,0.0717,460
2023-10,ndwi_mean,-0.3558,-0.3547,0.1225,-0.6885,0.0952,460
2023-10,viirs_avg_rad_mean,38.2892,39.3739,15.0017,10.1925,101.9541,460
2023-10,era5_temperature_mean,25.3336,25.3336,0.0625,25.2711,25.396,460
2023-10,era5_precipitation_total,7.2229,7.2229,0.677,6.5467,7.8991,460
2023-10,era5_wind_speed_mean,2.0283,2.0283,0.0267,2.0017,2.055,460
2023-11,ndvi_mean,0.2254,0.2143,0.1156,-0.1036,0.6619,460
2023-11,ndbi_mean,-0.1054,-0.0951,0.0811,-0.3964,0.0557,460
2023-11,ndwi_mean,-0.2273,-0.2191,0.1117,-0.606,0.1635,460
2023-11,viirs_avg_rad_mean,42.272,43.4189,17.4289,12.4019,112.1423,460
2023-11,era5_temperature_mean,20.8724,20.8724,0.0321,20.8403,20.9045,460
2023-11,era5_precipitation_total,6.4078,6.4078,0.6109,5.7976,7.018,460
2023-11,era5_wind_speed_mean,1.7112,1.7112,0.0129,1.6983,1.7241,460
2023-12,ndvi_mean,0.3024,0.2932,0.1457,-0.4438,0.7296,460
2023-12,ndbi_mean,-0.0658,-0.0524,0.0808,-0.4641,0.1448,460
2023-12,ndwi_mean,-0.3283,-0.3274,0.1337,-0.6831,0.4343,460
2023-12,viirs_avg_rad_mean,40.4973,41.9514,17.5149,8.7545,116.4377,460
2023-12,era5_temperature_mean,15.7194,15.7194,0.0207,15.6987,15.7401,460
2023-12,era5_precipitation_total,1.815,1.815,0.1969,1.6184,2.0117,460
2023-12,era5_wind_speed_mean,1.9309,1.9309,0.0078,1.9232,1.9387,460
2024-01,ndvi_mean,0.1931,0.1833,0.1022,-0.2146,0.547,460
2024-01,ndbi_mean,0.0031,0.0148,0.0603,-0.2638,0.1367,460
2024-01,ndwi_mean,-0.246,-0.2393,0.0949,-0.5312,0.1861,460
2024-01,viirs_avg_rad_mean,26.9728,27.4852,10.7086,6.7139,63.5873,460
2024-01,era5_temperature_mean,11.9901,11.9901,0.0171,11.9731,12.0071,460
2024-01,era5_precipitation_total,12.3044,12.3044,0.6537,11.6514,12.9574,460
2024-01,era5_wind_speed_mean,1.7295,1.7295,0.0066,1.7229,1.7362,460
2024-02,ndvi_mean,0.2781,0.2702,0.1079,-0.1159,0.6006,460
2024-02,ndbi_mean,-0.0329,-0.0212,0.0731,-0.4013,0.0934,460
2024-02,ndwi_mean,-0.3008,-0.2996,0.1007,-0.5768,0.1775,460
2024-02,viirs_avg_rad_mean,39.1547,40.6904,16.2634,8.1952,84.7363,460
2024-02,era5_temperature_mean,16.1804,16.1804,0.0042,16.1762,16.1846,460
2024-02,era5_precipitation_total,15.2992,15.2992,0.0519,15.2474,15.351,460
2024-02,era5_wind_speed_mean,2.4388,2.4388,0.004,2.4349,2.4428,460
2024-03,ndvi_mean,0.2881,0.2817,0.1227,-0.2952,0.6809,460
2024-03,ndbi_mean,-0.0354,-0.025,0.0675,-0.3841,0.0788,460
2024-03,ndwi_mean,-0.3192,-0.3164,0.1133,-0.6368,0.3046,460
2024-03,viirs_avg_rad_mean,46.7971,48.5447,19.3395,10.5572,109.293,460
2024-03,era5_temperature_mean,21.5654,21.5654,0.0095,21.5559,21.5749,460
2024-03,era5_precipitation_total,39.9894,39.9894,0.5293,39.4606,40.5181,460
2024-03,era5_wind_speed_mean,2.5049,2.5049,0.0025,2.5023,2.5074,460
