event_id,month,cell_count,spatial_coherence,centroid_lon,centroid_lat,min_lon,max_lon,min_lat,max_lat,mean_activity_score,max_activity_score,optical_support_count,viirs_support_count,weather_context_count,dominant_feature,dominant_direction,cells
EVT_202601_001,2026-01,1,False,77.2675,28.502174,77.265,77.27,28.5,28.504348,0.5,0.5,1,0,1,ndwi_mean,positive,cell_00_03
EVT_202601_002,2026-01,2,True,77.2975,28.504348,77.295,77.3,28.5,28.508696,0.5,0.5,2,2,2,ndvi_mean,positive,cell_00_09;cell_01_09
EVT_202601_003,2026-01,1,False,77.3125,28.502174,77.31,77.315,28.5,28.504348,0.5,0.5,1,0,1,ndvi_mean,positive,cell_00_12
EVT_202601_004,2026-01,1,False,77.3375,28.502174,77.335,77.34,28.5,28.504348,0.5,0.5,1,0,1,ndbi_mean,negative,cell_00_17
EVT_202601_005,2026-01,2,True,77.255,28.506522,77.25,77.26,28.504348,28.508696,0.5,0.5,2,0,2,ndbi_mean,negative,cell_01_00;cell_01_01
EVT_202601_006,2026-01,3,True,77.344167,28.509421,77.34,77.35,28.504348,28.513043,0.5833,0.75,3,1,3,ndvi_mean,positive,cell_01_18;cell_02_18;cell_02_19
EVT_202601_007,2026-01,3,True,77.2875,28.515217,77.285,77.29,28.508696,28.521739,0.5,0.5,3,3,3,viirs_avg_rad_mean,positive,cell_02_07;cell_03_07;cell_04_07
EVT_202601_008,2026-01,22,True,77.338409,28.523716,77.32,77.35,28.508696,28.53913,0.6818,1.0,22,18,22,viirs_avg_rad_mean,positive,cell_02_14;cell_02_15;cell_02_16;cell_03_15;cell_03_16;cell_03_17;cell_04_17;cell_04_18;cell_04_19;cell_05_16;cell_05_17;cell_05_18;cell_05_19;cell_06_16;cell_06_17;cell_06_18;cell_06_19;cell_07_18;cell_07_19;cell_08_17;cell_08_18;cell_08_19
EVT_202601_009,2026-01,1,False,77.2675,28.515217,77.265,77.27,28.513043,28.517391,0.5,0.5,1,0,1,ndwi_mean,positive,cell_03_03
EVT_202601_010,2026-01,1,False,77.2775,28.515217,77.275,77.28,28.513043,28.517391,0.5,0.5,1,0,1,ndwi_mean,positive,cell_03_05
EVT_202601_011,2026-01,1,False,77.2975,28.515217,77.295,77.3,28.513043,28.517391,0.5,0.5,1,1,1,ndbi_mean,negative,cell_03_09
EVT_202601_012,2026-01,1,False,77.3175,28.515217,77.315,77.32,28.513043,28.517391,0.75,0.75,1,1,1,ndwi_mean,negative,cell_03_13
EVT_202601_013,2026-01,3,True,77.255833,28.522464,77.25,77.26,28.517391,28.526087,0.5833,0.75,3,0,3,ndbi_mean,negative,cell_04_01;cell_05_00;cell_05_01
EVT_202601_014,2026-01,3,True,77.3125,28.523913,77.31,77.315,28.517391,28.530435,0.5,0.5,3,3,3,viirs_avg_rad_mean,positive,cell_04_12;cell_05_12;cell_06_12
EVT_202601_015,2026-01,1,False,77.3225,28.519565,77.32,77.325,28.517391,28.521739,0.5,0.5,1,1,1,ndbi_mean,positive,cell_04_14
EVT_202601_016,2026-01,1,False,77.2825,28.523913,77.28,77.285,28.521739,28.526087,0.5,0.5,1,1,1,ndbi_mean,negative,cell_05_06
EVT_202601_017,2026-01,2,True,77.2975,28.526087,77.295,77.3,28.521739,28.530435,0.5,0.5,2,0,2,ndbi_mean,negative,cell_05_09;cell_06_09
EVT_202601_018,2026-01,1,False,77.2525,28.532609,77.25,77.255,28.530435,28.534783,0.5,0.5,1,0,1,ndwi_mean,positive,cell_07_00
EVT_202601_019,2026-01,2,True,77.2825,28.543478,77.28,77.285,28.53913,28.547826,0.625,0.75,2,1,2,ndbi_mean,negative,cell_09_06;cell_10_06
EVT_202601_020,2026-01,2,True,77.3,28.541304,77.295,77.305,28.53913,28.543478,0.5,0.5,2,0,2,ndbi_mean,negative,cell_09_09;cell_09_10
EVT_202601_021,2026-01,62,True,77.317661,28.57251,77.29,77.35,28.53913,28.6,0.621,1.0,62,32,62,ndwi_mean,positive,cell_09_14;cell_09_16;cell_10_14;cell_10_15;cell_10_16;cell_11_15;cell_11_16;cell_12_14;cell_12_15;cell_12_16;cell_13_10;cell_13_14;cell_13_15;cell_14_10;cell_14_11;cell_14_12;cell_14_13;cell_14_14;cell_14_15;cell_14_16;cell_15_11;cell_15_12;cell_15_13;cell_16_10;cell_16_11;cell_16_12;cell_16_13;cell_16_15;cell_16_19;cell_17_10;cell_17_11;cell_17_12;cell_17_13;cell_17_14;cell_17_15;cell_17_16;cell_17_17;cell_17_18;cell_17_19;cell_18_09;cell_18_10;cell_18_11;cell_18_13;cell_18_14;cell_18_15;cell_19_08;cell_19_09;cell_19_10;cell_19_11;cell_19_12;cell_19_13;cell_19_14;cell_20_09;cell_20_11;cell_20_12;cell_20_13;cell_20_14;cell_21_12;cell_21_13;cell_22_10;cell_22_11;cell_22_12
EVT_202601_022,2026-01,1,False,77.3125,28.545652,77.31,77.315,28.543478,28.547826,0.5,0.5,1,0,1,ndvi_mean,negative,cell_10_12
EVT_202601_023,2026-01,5,True,77.3445,28.54913,77.34,77.35,28.543478,28.556522,0.5,0.5,5,1,5,ndvi_mean,negative,cell_10_18;cell_10_19;cell_11_18;cell_11_19;cell_12_18
EVT_202601_024,2026-01,1,False,77.2925,28.554348,77.29,77.295,28.552174,28.556522,0.5,0.5,1,1,1,ndvi_mean,negative,cell_12_08
EVT_202601_025,2026-01,1,False,77.2525,28.558696,77.25,77.255,28.556522,28.56087,0.5,0.5,1,1,1,ndwi_mean,positive,cell_13_00
EVT_202601_026,2026-01,1,False,77.2875,28.558696,77.285,77.29,28.556522,28.56087,0.75,0.75,1,1,1,viirs_avg_rad_mean,positive,cell_13_07
EVT_202601_027,2026-01,3,True,77.2775,28.563043,77.27,77.285,28.56087,28.565217,0.5,0.5,3,3,3,viirs_avg_rad_mean,positive,cell_14_04;cell_14_05;cell_14_06
EVT_202601_028,2026-01,1,False,77.3475,28.563043,77.345,77.35,28.56087,28.565217,0.5,0.5,1,0,1,ndvi_mean,negative,cell_14_19
EVT_202601_029,2026-01,4,True,77.25625,28.575,77.25,77.26,28.569565,28.582609,0.5625,0.75,4,4,4,ndvi_mean,negative,cell_16_00;cell_16_01;cell_17_01;cell_18_01
EVT_202601_030,2026-01,1,False,77.2775,28.58913,77.275,77.28,28.586957,28.591304,0.5,0.5,1,0,1,ndbi_mean,negative,cell_20_05
EVT_202601_031,2026-01,1,False,77.2875,28.58913,77.285,77.29,28.586957,28.591304,0.5,0.5,1,0,1,ndvi_mean,negative,cell_20_07
EVT_202601_032,2026-01,2,True,77.335,28.58913,77.33,77.34,28.586957,28.591304,0.5,0.5,2,0,2,ndwi_mean,positive,cell_20_16;cell_20_17
EVT_202601_033,2026-01,3,True,77.345833,28.592029,77.34,77.35,28.586957,28.595652,0.5833,0.75,3,1,3,ndwi_mean,positive,cell_20_19;cell_21_18;cell_21_19
EVT_202601_034,2026-01,1,False,77.2925,28.593478,77.29,77.295,28.591304,28.595652,0.5,0.5,1,1,1,viirs_avg_rad_mean,positive,cell_21_08
EVT_202601_035,2026-01,1,False,77.3275,28.593478,77.325,77.33,28.591304,28.595652,0.5,0.5,1,0,1,ndwi_mean,positive,cell_21_15
EVT_202601_036,2026-01,2,True,77.285,28.597826,77.28,77.29,28.595652,28.6,0.5,0.5,2,1,2,ndbi_mean,positive,cell_22_06;cell_22_07
EVT_202601_037,2026-01,1,False,77.3225,28.597826,77.32,77.325,28.595652,28.6,0.5,0.5,1,0,1,ndbi_mean,negative,cell_22_14
EVT_202602_001,2026-02,2,True,77.26,28.502174,77.255,77.265,28.5,28.504348,0.5,0.5,2,1,2,ndvi_mean,positive,cell_00_01;cell_00_02
EVT_202602_002,2026-02,246,True,77.300589,28.547261,77.25,77.35,28.5,28.6,0.6169,1.0,246,134,246,ndwi_mean,positive,cell_00_06;cell_00_07;cell_00_10;cell_00_12;cell_00_13;cell_01_06;cell_01_07;cell_01_08;cell_01_10;cell_01_12;cell_01_13;cell_01_17;cell_02_02;cell_02_07;cell_02_08;cell_02_09;cell_02_10;cell_02_11;cell_02_12;cell_02_13;cell_02_14;cell_02_15;cell_02_16;cell_02_17;cell_02_19;cell_03_01;cell_03_02;cell_03_04;cell_03_05;cell_03_08;cell_03_09;cell_03_10;cell_03_12;cell_03_15;cell_03_16;cell_03_19;cell_04_02;cell_04_03;cell_04_04;cell_04_05;cell_04_08;cell_04_10;cell_04_11;cell_04_12;cell_04_13;cell_04_15;cell_04_16;cell_04_17;cell_04_18;cell_04_19;cell_05_03;cell_05_04;cell_05_06;cell_05_07;cell_05_09;cell_05_10;cell_05_11;cell_05_12;cell_05_14;cell_05_15;cell_05_17;cell_05_19;cell_06_03;cell_06_04;cell_06_05;cell_06_07;cell_06_08;cell_06_09;cell_06_10;cell_06_11;cell_06_12;cell_06_17;cell_06_18;cell_06_19;cell_07_03;cell_07_04;cell_07_05;cell_07_06;cell_07_07;cell_07_08;cell_07_09;cell_07_10;cell_07_14;cell_07_15;cell_07_16;cell_07_18;cell_08_03;cell_08_06;cell_08_07;cell_08_08;cell_08_09;cell_08_10;cell_08_11;cell_08_13;cell_08_15;cell_08_16;cell_08_18;cell_08_19;cell_09_03;cell_09_04;cell_09_05;cell_09_06;cell_09_07;cell_09_08;cell_09_09;cell_09_10;cell_09_13;cell_09_14;cell_09_15;cell_09_16;cell_10_02;cell_10_03;cell_10_04;cell_10_05;cell_10_06;cell_10_07;cell_10_08;cell_10_11;cell_10_12;cell_10_13;cell_10_15;cell_10_16;cell_10_17;cell_10_18;cell_10_19;cell_11_00;cell_11_01;cell_11_02;cell_11_05;cell_11_06;cell_11_07;cell_11_08;cell_11_10;cell_11_11;cell_11_13;cell_11_14;cell_11_15;cell_11_16;cell_11_17;cell_11_19;cell_12_00;cell_12_02;cell_12_04;cell_12_05;cell_12_06;cell_12_12;cell_12_13;cell_12_16;cell_12_17;cell_12_18;cell_12_19;cell_13_06;cell_13_07;cell_13_12;cell_13_13;cell_13_17;cell_13_18;cell_14_00;cell_14_01;cell_14_02;cell_14_03;cell_14_04;cell_14_05;cell_14_06;cell_14_07;cell_14_13;cell_14_15;cell_14_17;cell_14_18;cell_14_19;cell_15_00;cell_15_01;cell_15_02;cell_15_03;cell_15_04;cell_15_05;cell_15_06;cell_15_07;cell_15_08;cell_15_09;cell_15_10;cell_15_11;cell_15_12;cell_15_13;cell_15_14;cell_15_15;cell_15_16;cell_15_17;cell_15_18;cell_15_19;cell_16_00;cell_16_01;cell_16_02;cell_16_04;cell_16_05;cell_16_06;cell_16_07;cell_16_08;cell_16_10;cell_16_12;cell_16_13;cell_16_14;cell_16_15;cell_16_16;cell_17_00;cell_17_01;cell_17_02;cell_17_04;cell_17_05;cell_17_06;cell_17_07;cell_17_09;cell_17_10;cell_17_11;cell_17_13;cell_17_15;cell_17_16;cell_18_00;cell_18_01;cell_18_02;cell_18_05;cell_18_07;cell_18_10;cell_18_11;cell_18_12;cell_18_13;cell_18_15;cell_18_16;cell_19_00;cell_19_06;cell_19_07;cell_19_08;cell_19_12;cell_19_13;cell_19_14;cell_19_15;cell_20_00;cell_20_07;cell_20_13;cell_20_14;cell_20_15;cell_21_00;cell_21_01;cell_21_13;cell_22_00;cell_22_01
EVT_202602_003,2026-02,1,False,77.3425,28.502174,77.34,77.345,28.5,28.504348,0.75,0.75,1,1,1,viirs_avg_rad_mean,positive,cell_00_18
EVT_202602_004,2026-02,1,False,77.2525,28.51087,77.25,77.255,28.508696,28.513043,1.0,1.0,1,1,1,viirs_avg_rad_mean,positive,cell_02_00
EVT_202602_005,2026-02,1,False,77.2525,28.519565,77.25,77.255,28.517391,28.521739,0.5,0.5,1,0,1,ndwi_mean,negative,cell_04_00
EVT_202602_006,2026-02,1,False,77.2525,28.528261,77.25,77.255,28.526087,28.530435,0.5,0.5,1,0,1,ndvi_mean,negative,cell_06_00
EVT_202602_007,2026-02,3,True,77.255833,28.538406,77.25,77.26,28.534783,28.543478,0.5,0.5,3,0,3,ndbi_mean,positive,cell_08_00;cell_08_01;cell_09_01
EVT_202602_008,2026-02,1,False,77.2975,28.558696,77.295,77.3,28.556522,28.56087,1.0,1.0,1,1,1,ndwi_mean,negative,cell_13_09
EVT_202602_009,2026-02,15,True,77.342833,28.58913,77.33,77.35,28.573913,28.6,0.6333,1.0,15,7,15,ndbi_mean,positive,cell_17_18;cell_17_19;cell_18_19;cell_19_17;cell_19_18;cell_19_19;cell_20_18;cell_20_19;cell_21_17;cell_21_18;cell_21_19;cell_22_16;cell_22_17;cell_22_18;cell_22_19
EVT_202602_010,2026-02,1,False,77.2675,28.584783,77.265,77.27,28.582609,28.586957,0.5,0.5,1,0,1,ndwi_mean,negative,cell_19_03
EVT_202602_011,2026-02,8,True,77.273125,28.594022,77.265,77.28,28.586957,28.6,0.5625,0.75,8,3,8,ndbi_mean,positive,cell_20_04;cell_20_05;cell_21_03;cell_21_04;cell_21_05;cell_22_03;cell_22_04;cell_22_05
EVT_202602_012,2026-02,10,True,77.3,28.595217,77.285,77.315,28.586957,28.6,0.575,1.0,10,9,10,ndbi_mean,positive,cell_20_09;cell_20_10;cell_21_09;cell_21_10;cell_22_07;cell_22_08;cell_22_09;cell_22_10;cell_22_11;cell_22_12
EVT_202603_001,2026-03,1,False,77.2525,28.502174,77.25,77.255,28.5,28.504348,0.5,0.5,1,1,0,viirs_avg_rad_mean,positive,cell_00_00
EVT_202603_002,2026-03,4,True,77.265,28.504348,77.26,77.27,28.5,28.508696,0.625,0.75,4,0,0,ndbi_mean,negative,cell_00_02;cell_00_03;cell_01_02;cell_01_03
EVT_202603_003,2026-03,8,True,77.288125,28.504891,77.275,77.3,28.5,28.508696,0.5938,1.0,8,1,0,ndbi_mean,positive,cell_00_06;cell_00_07;cell_00_09;cell_01_05;cell_01_06;cell_01_07;cell_01_08;cell_01_09
EVT_202603_004,2026-03,55,True,77.3015,28.530237,77.27,77.33,28.5,28.556522,0.6,1.0,55,31,0,viirs_avg_rad_mean,positive,cell_00_11;cell_01_11;cell_01_12;cell_01_13;cell_02_10;cell_02_11;cell_02_12;cell_02_13;cell_03_10;cell_03_11;cell_04_11;cell_04_12;cell_05_09;cell_05_10;cell_05_11;cell_05_12;cell_05_13;cell_05_14;cell_06_04;cell_06_06;cell_06_07;cell_06_08;cell_06_09;cell_06_10;cell_06_12;cell_06_14;cell_07_04;cell_07_05;cell_07_06;cell_07_07;cell_07_08;cell_07_09;cell_07_10;cell_07_12;cell_07_14;cell_07_15;cell_08_08;cell_08_09;cell_08_13;cell_08_14;cell_09_08;cell_09_09;cell_09_10;cell_09_12;cell_09_13;cell_10_06;cell_10_07;cell_10_08;cell_10_09;cell_10_10;cell_10_13;cell_11_05;cell_11_06;cell_11_07;cell_12_06
EVT_202603_005,2026-03,2,True,77.325,28.502174,77.32,77.33,28.5,28.504348,0.5,0.5,2,1,0,ndvi_mean,positive,cell_00_14;cell_00_15
EVT_202603_006,2026-03,1,False,77.3375,28.502174,77.335,77.34,28.5,28.504348,0.5,0.5,1,0,0,ndvi_mean,negative,cell_00_17
EVT_202603_007,2026-03,3,True,77.345833,28.509421,77.34,77.35,28.504348,28.513043,0.5833,0.75,3,3,0,ndbi_mean,positive,cell_01_19;cell_02_18;cell_02_19
EVT_202603_008,2026-03,16,True,77.268438,28.516304,77.25,77.29,28.508696,28.521739,0.5938,0.75,16,4,0,ndvi_mean,positive,cell_02_01;cell_02_04;cell_03_00;cell_03_01;cell_03_02;cell_03_03;cell_03_04;cell_03_05;cell_03_06;cell_03_07;cell_04_00;cell_04_01;cell_04_02;cell_04_04;cell_04_05;cell_04_06
EVT_202603_009,2026-03,5,True,77.3295,28.515217,77.325,77.335,28.508696,28.521739,0.6,0.75,5,0,0,ndbi_mean,negative,cell_02_15;cell_02_16;cell_03_15;cell_04_15;cell_04_16
EVT_202603_010,2026-03,1,False,77.2925,28.519565,77.29,77.295,28.517391,28.521739,0.75,0.75,1,1,0,ndvi_mean,positive,cell_04_08
EVT_202603_011,2026-03,1,False,77.2675,28.523913,77.265,77.27,28.521739,28.526087,0.75,0.75,1,1,0,ndbi_mean,negative,cell_05_03
EVT_202603_012,2026-03,4,True,77.3425,28.525,77.335,77.35,28.521739,28.530435,0.6875,0.75,4,4,0,ndbi_mean,negative,cell_05_17;cell_05_18;cell_05_19;cell_06_18
EVT_202603_013,2026-03,1,False,77.3325,28.528261,77.33,77.335,28.526087,28.530435,0.5,0.5,1,1,0,viirs_avg_rad_mean,positive,cell_06_16
EVT_202603_014,2026-03,1,False,77.3075,28.536957,77.305,77.31,28.534783,28.53913,0.5,0.5,1,1,0,ndwi_mean,negative,cell_08_11
EVT_202603_015,2026-03,3,True,77.345833,28.539855,77.34,77.35,28.534783,28.543478,0.5833,0.75,3,2,0,ndwi_mean,positive,cell_08_19;cell_09_18;cell_09_19
EVT_202603_016,2026-03,1,False,77.2525,28.541304,77.25,77.255,28.53913,28.543478,0.5,0.5,1,1,0,viirs_avg_rad_mean,negative,cell_09_00
EVT_202603_017,2026-03,16,True,77.260625,28.555706,77.25,77.27,28.53913,28.573913,0.7031,1.0,16,8,0,ndbi_mean,positive,cell_09_02;cell_10_01;cell_10_02;cell_10_03;cell_11_01;cell_11_02;cell_12_02;cell_12_03;cell_13_01;cell_13_02;cell_13_03;cell_14_00;cell_14_01;cell_14_03;cell_15_00;cell_16_00
EVT_202603_018,2026-03,1,False,77.2775,28.541304,77.275,77.28,28.53913,28.543478,0.75,0.75,1,0,0,ndbi_mean,positive,cell_09_05
EVT_202603_019,2026-03,2,True,77.33,28.541304,77.325,77.335,28.53913,28.543478,0.625,0.75,2,2,0,ndbi_mean,negative,cell_09_15;cell_09_16
EVT_202603_020,2026-03,6,True,77.301667,28.554348,77.29,77.31,28.547826,28.56087,0.5833,1.0,6,5,0,ndwi_mean,positive,cell_11_11;cell_12_08;cell_12_09;cell_12_10;cell_12_11;cell_13_10
EVT_202603_021,2026-03,3,True,77.325833,28.551449,77.32,77.33,28.547826,28.556522,0.5833,0.75,3,3,0,ndbi_mean,positive,cell_11_14;cell_11_15;cell_12_15
EVT_202603_022,2026-03,1,False,77.2525,28.554348,77.25,77.255,28.552174,28.556522,0.5,0.5,1,0,0,ndwi_mean,negative,cell_12_00
EVT_202603_023,2026-03,2,True,77.34,28.554348,77.335,77.345,28.552174,28.556522,0.625,0.75,2,1,0,ndwi_mean,negative,cell_12_17;cell_12_18
EVT_202603_024,2026-03,5,True,77.2875,28.563043,77.28,77.295,28.556522,28.569565,0.7,0.75,5,5,0,ndvi_mean,positive,cell_13_07;cell_14_06;cell_14_07;cell_14_08;cell_15_07
EVT_202603_025,2026-03,2,True,77.31,28.563043,77.305,77.315,28.56087,28.565217,0.75,0.75,2,0,0,ndbi_mean,negative,cell_14_11;cell_14_12
EVT_202603_026,2026-03,2,True,77.335,28.563043,77.33,77.34,28.56087,28.565217,0.5,0.5,2,0,0,ndvi_mean,negative,cell_14_16;cell_14_17
EVT_202603_027,2026-03,1,False,77.3475,28.563043,77.345,77.35,28.56087,28.565217,0.5,0.5,1,0,0,ndwi_mean,positive,cell_14_19
EVT_202603_028,2026-03,1,False,77.2725,28.567391,77.27,77.275,28.565217,28.569565,0.5,0.5,1,1,0,viirs_avg_rad_mean,positive,cell_15_04
EVT_202603_029,2026-03,1,False,77.3425,28.567391,77.34,77.345,28.565217,28.569565,0.75,0.75,1,0,0,ndbi_mean,positive,cell_15_18
EVT_202603_030,2026-03,4,True,77.33,28.571739,77.32,77.34,28.569565,28.573913,0.5,0.5,4,0,0,ndbi_mean,negative,cell_16_14;cell_16_15;cell_16_16;cell_16_17
EVT_202603_031,2026-03,1,False,77.3475,28.571739,77.345,77.35,28.569565,28.573913,1.0,1.0,1,1,0,ndvi_mean,negative,cell_16_19
EVT_202603_032,2026-03,1,False,77.2625,28.576087,77.26,77.265,28.573913,28.578261,0.75,0.75,1,1,0,viirs_avg_rad_mean,positive,cell_17_02
EVT_202603_033,2026-03,16,True,77.274687,28.58913,77.25,77.29,28.573913,28.6,0.6094,1.0,16,5,0,ndbi_mean,positive,cell_17_06;cell_17_07;cell_18_07;cell_19_04;cell_19_06;cell_19_07;cell_20_04;cell_20_05;cell_20_06;cell_21_03;cell_21_04;cell_21_06;cell_22_00;cell_22_01;cell_22_02;cell_22_03
EVT_202603_034,2026-03,20,True,77.314,28.586522,77.295,77.33,28.573913,28.6,0.575,1.0,20,12,0,ndbi_mean,positive,cell_17_09;cell_17_10;cell_17_11;cell_17_12;cell_18_10;cell_18_12;cell_18_13;cell_19_12;cell_19_13;cell_19_14;cell_19_15;cell_20_12;cell_20_14;cell_21_11;cell_21_12;cell_21_13;cell_21_14;cell_22_12;cell_22_13;cell_22_14
EVT_202603_035,2026-03,1,False,77.3425,28.576087,77.34,77.345,28.573913,28.578261,0.5,0.5,1,0,0,ndbi_mean,positive,cell_17_18
EVT_202603_036,2026-03,3,True,77.254167,28.581884,77.25,77.26,28.578261,28.586957,0.75,0.75,3,2,0,ndvi_mean,negative,cell_18_00;cell_18_01;cell_19_00
EVT_202603_037,2026-03,1,False,77.2675,28.580435,77.265,77.27,28.578261,28.582609,0.75,0.75,1,0,0,ndbi_mean,positive,cell_18_03
EVT_202603_038,2026-03,8,True,77.34375,28.589674,77.335,77.35,28.578261,28.6,0.6562,1.0,8,2,0,ndvi_mean,negative,cell_18_19;cell_19_18;cell_19_19;cell_20_18;cell_20_19;cell_21_18;cell_22_17;cell_22_18
EVT_202603_039,2026-03,2,True,77.26,28.58913,77.255,77.265,28.586957,28.591304,0.5,0.5,2,1,0,ndbi_mean,positive,cell_20_01;cell_20_02
EVT_202603_040,2026-03,1,False,77.2925,28.58913,77.29,77.295,28.586957,28.591304,0.75,0.75,1,0,0,ndwi_mean,negative,cell_20_08
EVT_202603_041,2026-03,1,False,77.3025,28.58913,77.3,77.305,28.586957,28.591304,0.5,0.5,1,1,0,viirs_avg_rad_mean,positive,cell_20_10
EVT_202603_042,2026-03,2,True,77.3325,28.591304,77.33,77.335,28.586957,28.595652,0.5,0.5,2,0,0,ndwi_mean,negative,cell_20_16;cell_21_16
EVT_202603_043,2026-03,1,False,77.2925,28.597826,77.29,77.295,28.595652,28.6,0.5,0.5,1,0,0,ndwi_mean,negative,cell_22_08
EVT_202603_044,2026-03,1,False,77.3025,28.597826,77.3,77.305,28.595652,28.6,0.5,0.5,1,1,0,viirs_avg_rad_mean,positive,cell_22_10
EVT_202604_001,2026-04,7,True,77.259643,28.50528,77.25,77.27,28.5,28.513043,0.5714,0.75,7,5,7,viirs_avg_rad_mean,negative,cell_00_00;cell_00_01;cell_00_02;cell_01_01;cell_01_02;cell_01_03;cell_02_01
EVT_202604_002,2026-04,1,False,77.2775,28.502174,77.275,77.28,28.5,28.504348,0.5,0.5,1,1,1,ndwi_mean,positive,cell_00_05
EVT_202604_003,2026-04,1,False,77.2925,28.502174,77.29,77.295,28.5,28.504348,0.5,0.5,1,0,1,ndwi_mean,negative,cell_00_08
EVT_202604_004,2026-04,8,True,77.304375,28.508152,77.295,77.315,28.5,28.517391,0.5625,0.75,8,4,8,ndwi_mean,negative,cell_00_10;cell_01_09;cell_01_10;cell_01_11;cell_01_12;cell_02_10;cell_02_11;cell_03_10
EVT_202604_005,2026-04,2,True,77.32,28.502174,77.315,77.325,28.5,28.504348,0.625,0.75,2,2,2,ndbi_mean,positive,cell_00_13;cell_00_14
EVT_202604_006,2026-04,7,True,77.338929,28.507764,77.33,77.345,28.5,28.517391,0.5714,1.0,7,5,7,viirs_avg_rad_mean,positive,cell_00_17;cell_00_18;cell_01_16;cell_01_17;cell_02_17;cell_02_18;cell_03_18
EVT_202604_007,2026-04,1,False,77.2875,28.506522,77.285,77.29,28.504348,28.508696,0.5,0.5,1,1,1,ndwi_mean,negative,cell_01_07
EVT_202604_008,2026-04,1,False,77.3475,28.506522,77.345,77.35,28.504348,28.508696,0.75,0.75,1,1,1,viirs_avg_rad_mean,positive,cell_01_19
EVT_202604_009,2026-04,2,True,77.325,28.51087,77.32,77.33,28.508696,28.513043,0.5,0.5,2,0,2,ndwi_mean,negative,cell_02_14;cell_02_15
EVT_202604_010,2026-04,1,False,77.2525,28.515217,77.25,77.255,28.513043,28.517391,0.75,0.75,1,1,1,ndvi_mean,positive,cell_03_00
EVT_202604_011,2026-04,1,False,77.2675,28.515217,77.265,77.27,28.513043,28.517391,0.75,0.75,1,1,1,ndvi_mean,negative,cell_03_03
EVT_202604_012,2026-04,1,False,77.3175,28.515217,77.315,77.32,28.513043,28.517391,0.5,0.5,1,0,1,ndvi_mean,positive,cell_03_13
EVT_202604_013,2026-04,1,False,77.2625,28.519565,77.26,77.265,28.517391,28.521739,0.75,0.75,1,1,1,ndbi_mean,positive,cell_04_02
EVT_202604_014,2026-04,8,True,77.2825,28.525,77.275,77.29,28.517391,28.534783,0.5,0.5,8,7,8,viirs_avg_rad_mean,positive,cell_04_06;cell_04_07;cell_05_05;cell_05_06;cell_05_07;cell_06_05;cell_06_06;cell_07_06
EVT_202604_015,2026-04,1,False,77.3125,28.519565,77.31,77.315,28.517391,28.521739,0.75,0.75,1,1,1,ndwi_mean,negative,cell_04_12
EVT_202604_016,2026-04,6,True,77.325,28.523913,77.315,77.335,28.517391,28.530435,0.625,0.75,6,3,6,ndvi_mean,positive,cell_04_14;cell_05_13;cell_05_14;cell_05_15;cell_05_16;cell_06_15
EVT_202604_017,2026-04,8,True,77.341875,28.528261,77.335,77.35,28.517391,28.53913,0.5,0.5,8,1,8,ndwi_mean,negative,cell_04_19;cell_05_18;cell_05_19;cell_06_17;cell_06_18;cell_07_17;cell_07_18;cell_08_17
EVT_202604_018,2026-04,1,False,77.2675,28.523913,77.265,77.27,28.521739,28.526087,0.75,0.75,1,1,1,viirs_avg_rad_mean,negative,cell_05_03
EVT_202604_019,2026-04,1,False,77.3075,28.523913,77.305,77.31,28.521739,28.526087,0.5,0.5,1,0,1,ndvi_mean,positive,cell_05_11
EVT_202604_020,2026-04,2,True,77.26,28.528261,77.255,77.265,28.526087,28.530435,0.5,0.5,2,1,2,ndvi_mean,negative,cell_06_01;cell_06_02
EVT_202604_021,2026-04,32,True,77.279687,28.54538,77.255,77.31,28.526087,28.565217,0.5625,0.75,32,9,32,ndwi_mean,positive,cell_06_08;cell_06_09;cell_07_08;cell_07_09;cell_08_08;cell_08_09;cell_08_10;cell_08_11;cell_09_02;cell_09_04;cell_09_08;cell_10_01;cell_10_02;cell_10_03;cell_10_04;cell_10_05;cell_10_06;cell_10_07;cell_10_08;cell_10_09;cell_11_01;cell_11_02;cell_11_03;cell_11_04;cell_11_05;cell_11_06;cell_12_03;cell_12_04;cell_12_05;cell_13_03;cell_14_03;cell_14_04
EVT_202604_022,2026-04,1,False,77.3125,28.528261,77.31,77.315,28.526087,28.530435,0.5,0.5,1,1,1,ndbi_mean,positive,cell_06_12
EVT_202604_023,2026-04,1,False,77.2525,28.532609,77.25,77.255,28.530435,28.534783,0.5,0.5,1,0,1,ndvi_mean,positive,cell_07_00
EVT_202604_024,2026-04,2,True,77.27,28.532609,77.265,77.275,28.530435,28.534783,0.5,0.5,2,0,2,ndvi_mean,negative,cell_07_03;cell_07_04
EVT_202604_025,2026-04,6,True,77.3175,28.53913,77.31,77.325,28.530435,28.547826,0.7083,1.0,6,4,6,ndvi_mean,positive,cell_07_14;cell_08_13;cell_08_14;cell_09_12;cell_09_13;cell_10_12
EVT_202604_026,2026-04,1,False,77.3275,28.541304,77.325,77.33,28.53913,28.543478,0.5,0.5,1,1,1,ndwi_mean,negative,cell_09_15
EVT_202604_027,2026-04,1,False,77.3225,28.545652,77.32,77.325,28.543478,28.547826,0.5,0.5,1,1,1,viirs_avg_rad_mean,positive,cell_10_14
EVT_202604_028,2026-04,3,True,77.335833,28.547101,77.33,77.34,28.543478,28.552174,0.5833,0.75,3,2,3,ndwi_mean,negative,cell_10_16;cell_10_17;cell_11_17
EVT_202604_029,2026-04,3,True,77.345833,28.552899,77.34,77.35,28.547826,28.556522,0.5,0.5,3,3,3,viirs_avg_rad_mean,positive,cell_11_19;cell_12_18;cell_12_19
EVT_202604_030,2026-04,3,True,77.2975,28.554348,77.29,77.305,28.552174,28.556522,0.5833,0.75,3,0,3,ndbi_mean,positive,cell_12_08;cell_12_09;cell_12_10
EVT_202604_031,2026-04,11,True,77.310682,28.561462,77.295,77.325,28.552174,28.573913,0.5682,0.75,11,6,11,ndvi_mean,negative,cell_12_12;cell_12_13;cell_12_14;cell_13_12;cell_14_09;cell_14_10;cell_14_11;cell_14_12;cell_14_13;cell_15_11;cell_16_11
EVT_202604_032,2026-04,2,True,77.2525,28.565217,77.25,77.255,28.56087,28.569565,0.5,0.5,2,0,2,ndvi_mean,negative,cell_14_00;cell_15_00
EVT_202604_033,2026-04,1,False,77.2825,28.563043,77.28,77.285,28.56087,28.565217,0.5,0.5,1,0,1,ndwi_mean,negative,cell_14_06
EVT_202604_034,2026-04,2,True,77.3325,28.565217,77.33,77.335,28.56087,28.569565,0.75,0.75,2,1,2,ndwi_mean,positive,cell_14_16;cell_15_16
EVT_202604_035,2026-04,8,True,77.345625,28.573913,77.34,77.35,28.56087,28.586957,0.5938,0.75,8,4,8,ndvi_mean,negative,cell_14_19;cell_15_18;cell_15_19;cell_16_19;cell_17_19;cell_18_18;cell_18_19;cell_19_18
EVT_202604_036,2026-04,6,True,77.265833,28.573188,77.26,77.275,28.565217,28.578261,0.5417,0.75,6,1,6,ndwi_mean,negative,cell_15_02;cell_16_02;cell_16_03;cell_17_02;cell_17_03;cell_17_04
EVT_202604_037,2026-04,1,False,77.3225,28.567391,77.32,77.325,28.565217,28.569565,0.5,0.5,1,0,1,ndwi_mean,negative,cell_15_14
EVT_202604_038,2026-04,1,False,77.2775,28.571739,77.275,77.28,28.569565,28.573913,0.5,0.5,1,0,1,ndvi_mean,positive,cell_16_05
EVT_202604_039,2026-04,1,False,77.2925,28.571739,77.29,77.295,28.569565,28.573913,0.5,0.5,1,0,1,ndbi_mean,positive,cell_16_08
EVT_202604_040,2026-04,23,True,77.278804,28.589508,77.255,77.295,28.573913,28.6,0.6957,1.0,23,11,23,ndvi_mean,positive,cell_17_06;cell_17_07;cell_18_05;cell_18_06;cell_18_07;cell_19_05;cell_19_06;cell_19_07;cell_19_08;cell_20_04;cell_20_05;cell_20_06;cell_21_03;cell_21_05;cell_21_06;cell_21_07;cell_22_01;cell_22_02;cell_22_03;cell_22_04;cell_22_05;cell_22_06;cell_22_07
EVT_202604_041,2026-04,1,False,77.2975,28.576087,77.295,77.3,28.573913,28.578261,0.75,0.75,1,1,1,viirs_avg_rad_mean,negative,cell_17_09
EVT_202604_042,2026-04,6,True,77.315,28.581884,77.31,77.32,28.573913,28.591304,0.5833,1.0,6,4,6,ndbi_mean,positive,cell_17_12;cell_17_13;cell_18_12;cell_19_12;cell_19_13;cell_20_13
EVT_202604_043,2026-04,1,False,77.3025,28.580435,77.3,77.305,28.578261,28.582609,0.5,0.5,1,0,1,ndvi_mean,positive,cell_18_10
EVT_202604_044,2026-04,2,True,77.33,28.580435,77.325,77.335,28.578261,28.582609,0.5,0.5,2,0,2,ndvi_mean,negative,cell_18_15;cell_18_16
EVT_202604_045,2026-04,1,False,77.2525,28.584783,77.25,77.255,28.582609,28.586957,0.5,0.5,1,0,1,ndbi_mean,positive,cell_19_00
EVT_202604_046,2026-04,3,True,77.264167,28.586232,77.26,77.27,28.582609,28.591304,0.5833,0.75,3,1,3,ndvi_mean,positive,cell_19_02;cell_19_03;cell_20_02
EVT_202604_047,2026-04,1,False,77.3275,28.58913,77.325,77.33,28.586957,28.591304,0.5,0.5,1,0,1,ndwi_mean,negative,cell_20_15
EVT_202604_048,2026-04,8,True,77.339375,28.595652,77.325,77.35,28.586957,28.6,0.5625,0.75,8,3,8,ndwi_mean,positive,cell_20_19;cell_21_16;cell_21_19;cell_22_15;cell_22_16;cell_22_17;cell_22_18;cell_22_19
EVT_202604_049,2026-04,4,True,77.3,28.595652,77.295,77.305,28.591304,28.6,0.5625,0.75,4,1,4,ndwi_mean,negative,cell_21_09;cell_21_10;cell_22_09;cell_22_10
EVT_202604_050,2026-04,1,False,77.3175,28.597826,77.315,77.32,28.595652,28.6,0.5,0.5,1,1,1,ndbi_mean,positive,cell_22_13
EVT_202605_001,2026-05,2,True,77.3075,28.504348,77.305,77.31,28.5,28.508696,0.5,0.5,2,0,2,ndvi_mean,negative,cell_00_11;cell_01_11
EVT_202605_002,2026-05,3,True,77.319167,28.503623,77.315,77.325,28.5,28.508696,0.5,0.5,3,3,3,ndvi_mean,positive,cell_00_13;cell_00_14;cell_01_13
EVT_202605_003,2026-05,1,False,77.2525,28.506522,77.25,77.255,28.504348,28.508696,0.75,0.75,1,1,1,ndwi_mean,positive,cell_01_00
EVT_202605_004,2026-05,1,False,77.2625,28.506522,77.26,77.265,28.504348,28.508696,0.5,0.5,1,0,1,ndwi_mean,negative,cell_01_02
EVT_202605_005,2026-05,2,True,77.3375,28.508696,77.335,77.34,28.504348,28.513043,0.625,0.75,2,1,2,ndvi_mean,negative,cell_01_17;cell_02_17
EVT_202605_006,2026-05,1,False,77.3475,28.506522,77.345,77.35,28.504348,28.508696,0.75,0.75,1,1,1,viirs_avg_rad_mean,positive,cell_01_19
EVT_202605_007,2026-05,1,False,77.2825,28.51087,77.28,77.285,28.508696,28.513043,0.5,0.5,1,0,1,ndwi_mean,positive,cell_02_06
EVT_202605_008,2026-05,1,False,77.2975,28.51087,77.295,77.3,28.508696,28.513043,0.5,0.5,1,0,1,ndwi_mean,positive,cell_02_09
EVT_202605_009,2026-05,1,False,77.3125,28.51087,77.31,77.315,28.508696,28.513043,0.5,0.5,1,1,1,viirs_avg_rad_mean,positive,cell_02_12
EVT_202605_010,2026-05,1,False,77.3175,28.515217,77.315,77.32,28.513043,28.517391,0.5,0.5,1,0,1,ndbi_mean,positive,cell_03_13
EVT_202605_011,2026-05,1,False,77.2775,28.519565,77.275,77.28,28.517391,28.521739,0.5,0.5,1,1,1,viirs_avg_rad_mean,positive,cell_04_05
EVT_202605_012,2026-05,5,True,77.3185,28.524783,77.31,77.325,28.517391,28.530435,0.6,0.75,5,5,5,viirs_avg_rad_mean,positive,cell_04_14;cell_05_13;cell_05_14;cell_06_12;cell_06_13
EVT_202605_013,2026-05,1,False,77.3375,28.519565,77.335,77.34,28.517391,28.521739,0.5,0.5,1,1,1,viirs_avg_rad_mean,positive,cell_04_17
EVT_202605_014,2026-05,4,True,77.26125,28.525,77.255,77.27,28.521739,28.530435,0.5,0.5,4,3,4,viirs_avg_rad_mean,positive,cell_05_01;cell_05_02;cell_05_03;cell_06_01
EVT_202605_015,2026-05,1,False,77.3325,28.523913,77.33,77.335,28.521739,28.526087,0.75,0.75,1,1,1,ndbi_mean,negative,cell_05_16
EVT_202605_016,2026-05,1,False,77.2875,28.528261,77.285,77.29,28.526087,28.530435,0.5,0.5,1,0,1,ndbi_mean,negative,cell_06_07
EVT_202605_017,2026-05,2,True,77.345,28.528261,77.34,77.35,28.526087,28.530435,0.5,0.5,2,2,2,viirs_avg_rad_mean,positive,cell_06_18;cell_06_19
EVT_202605_018,2026-05,1,False,77.2525,28.532609,77.25,77.255,28.530435,28.534783,0.5,0.5,1,1,1,ndvi_mean,positive,cell_07_00
EVT_202605_019,2026-05,1,False,77.3275,28.532609,77.325,77.33,28.530435,28.534783,0.5,0.5,1,1,1,ndvi_mean,negative,cell_07_15
EVT_202605_020,2026-05,3,True,77.275833,28.538406,77.27,77.28,28.534783,28.543478,0.5,0.5,3,2,3,viirs_avg_rad_mean,positive,cell_08_04;cell_08_05;cell_09_05
EVT_202605_021,2026-05,3,True,77.2875,28.541304,77.285,77.29,28.534783,28.547826,0.5,0.5,3,1,3,ndvi_mean,positive,cell_08_07;cell_09_07;cell_10_07
EVT_202605_022,2026-05,1,False,77.2975,28.536957,77.295,77.3,28.534783,28.53913,0.5,0.5,1,0,1,ndvi_mean,positive,cell_08_09
EVT_202605_023,2026-05,4,True,77.3375,28.538044,77.33,77.345,28.534783,28.543478,0.5,0.5,4,4,4,viirs_avg_rad_mean,positive,cell_08_16;cell_08_17;cell_08_18;cell_09_17
EVT_202605_024,2026-05,1,False,77.3325,28.545652,77.33,77.335,28.543478,28.547826,0.5,0.5,1,1,1,ndwi_mean,positive,cell_10_16
EVT_202605_025,2026-05,3,True,77.3475,28.55,77.345,77.35,28.543478,28.556522,0.5,0.5,3,3,3,ndwi_mean,positive,cell_10_19;cell_11_19;cell_12_19
EVT_202605_026,2026-05,1,False,77.2825,28.55,77.28,77.285,28.547826,28.552174,0.75,0.75,1,0,1,ndvi_mean,positive,cell_11_06
EVT_202605_027,2026-05,1,False,77.3025,28.55,77.3,77.305,28.547826,28.552174,0.5,0.5,1,0,1,ndbi_mean,negative,cell_11_10
EVT_202605_028,2026-05,1,False,77.2925,28.554348,77.29,77.295,28.552174,28.556522,0.75,0.75,1,1,1,viirs_avg_rad_mean,positive,cell_12_08
EVT_202605_029,2026-05,1,False,77.3375,28.554348,77.335,77.34,28.552174,28.556522,0.5,0.5,1,1,1,ndwi_mean,positive,cell_12_17
EVT_202605_030,2026-05,4,True,77.255,28.56087,77.25,77.26,28.556522,28.565217,0.5625,0.75,4,3,4,ndvi_mean,positive,cell_13_00;cell_13_01;cell_14_00;cell_14_01
EVT_202605_031,2026-05,1,False,77.3325,28.563043,77.33,77.335,28.56087,28.565217,0.5,0.5,1,0,1,ndwi_mean,positive,cell_14_16
EVT_202605_032,2026-05,1,False,77.2975,28.567391,77.295,77.3,28.565217,28.569565,0.5,0.5,1,0,1,ndvi_mean,negative,cell_15_09
EVT_202605_033,2026-05,1,False,77.3225,28.567391,77.32,77.325,28.565217,28.569565,0.75,0.75,1,1,1,ndvi_mean,positive,cell_15_14
EVT_202605_034,2026-05,1,False,77.2825,28.571739,77.28,77.285,28.569565,28.573913,0.5,0.5,1,0,1,ndwi_mean,positive,cell_16_06
EVT_202605_035,2026-05,1,False,77.2925,28.571739,77.29,77.295,28.569565,28.573913,0.5,0.5,1,1,1,viirs_avg_rad_mean,positive,cell_16_08
EVT_202605_036,2026-05,1,False,77.3025,28.571739,77.3,77.305,28.569565,28.573913,1.0,1.0,1,1,1,ndbi_mean,negative,cell_16_10
EVT_202605_037,2026-05,1,False,77.2675,28.576087,77.265,77.27,28.573913,28.578261,0.5,0.5,1,1,1,viirs_avg_rad_mean,positive,cell_17_03
EVT_202605_038,2026-05,4,True,77.27875,28.580435,77.275,77.285,28.573913,28.586957,0.75,1.0,4,3,4,ndwi_mean,negative,cell_17_05;cell_18_05;cell_18_06;cell_19_05
EVT_202605_039,2026-05,1,False,77.2575,28.580435,77.255,77.26,28.578261,28.582609,0.5,0.5,1,1,1,ndvi_mean,positive,cell_18_01
EVT_202605_040,2026-05,3,True,77.2975,28.584783,77.295,77.3,28.578261,28.591304,0.5833,0.75,3,1,3,ndbi_mean,negative,cell_18_09;cell_19_09;cell_20_09
EVT_202605_041,2026-05,1,False,77.2525,28.584783,77.25,77.255,28.582609,28.586957,0.5,0.5,1,1,1,ndbi_mean,negative,cell_19_00
EVT_202605_042,2026-05,5,True,77.3075,28.590869,77.3,77.315,28.582609,28.595652,0.6,0.75,5,5,5,viirs_avg_rad_mean,positive,cell_19_11;cell_20_11;cell_21_10;cell_21_11;cell_21_12
EVT_202605_043,2026-05,2,True,77.2725,28.591304,77.27,77.275,28.586957,28.595652,0.625,0.75,2,1,2,ndbi_mean,negative,cell_20_04;cell_21_04
EVT_202605_044,2026-05,1,False,77.3225,28.58913,77.32,77.325,28.586957,28.591304,0.5,0.5,1,0,1,ndbi_mean,positive,cell_20_14
EVT_202605_045,2026-05,1,False,77.2575,28.593478,77.255,77.26,28.591304,28.595652,0.5,0.5,1,1,1,viirs_avg_rad_mean,positive,cell_21_01
EVT_202605_046,2026-05,1,False,77.2825,28.593478,77.28,77.285,28.591304,28.595652,0.75,0.75,1,1,1,ndbi_mean,negative,cell_21_06
EVT_202606_001,2026-06,3,True,77.254167,28.505073,77.25,77.26,28.5,28.508696,0.6667,0.75,3,2,3,ndvi_mean,negative,cell_00_00;cell_01_00;cell_01_01
EVT_202606_002,2026-06,5,True,77.2815,28.504783,77.275,77.29,28.5,28.508696,0.6,0.75,5,2,5,ndbi_mean,positive,cell_00_05;cell_00_06;cell_01_05;cell_01_06;cell_01_07
EVT_202606_003,2026-06,5,True,77.3015,28.503044,77.29,77.31,28.5,28.508696,0.5,0.5,5,4,2,viirs_avg_rad_mean,positive,cell_00_08;cell_00_09;cell_00_10;cell_00_11;cell_01_11
EVT_202606_004,2026-06,11,True,77.3125,28.514032,77.3,77.325,28.5,28.526087,0.5455,0.75,11,9,0,viirs_avg_rad_mean,positive,cell_00_13;cell_00_14;cell_01_13;cell_02_12;cell_02_13;cell_03_11;cell_03_12;cell_04_11;cell_05_10;cell_05_11;cell_05_12
EVT_202606_005,2026-06,3,True,77.3425,28.506522,77.335,77.35,28.504348,28.508696,0.6667,0.75,3,3,0,ndbi_mean,positive,cell_01_17;cell_01_18;cell_01_19
EVT_202606_006,2026-06,4,True,77.26625,28.51413,77.26,77.275,28.508696,28.517391,0.5625,0.75,4,1,4,ndbi_mean,positive,cell_02_02;cell_03_02;cell_03_03;cell_03_04
EVT_202606_007,2026-06,1,False,77.3025,28.51087,77.3,77.305,28.508696,28.513043,0.5,0.5,1,0,0,ndwi_mean,positive,cell_02_10
EVT_202606_008,2026-06,4,True,77.34,28.517391,77.335,77.345,28.513043,28.521739,0.625,0.75,4,4,0,ndbi_mean,positive,cell_03_17;cell_03_18;cell_04_17;cell_04_18
EVT_202606_009,2026-06,1,False,77.2575,28.519565,77.255,77.26,28.517391,28.521739,0.75,0.75,1,0,1,ndbi_mean,positive,cell_04_01
EVT_202606_010,2026-06,1,False,77.2775,28.519565,77.275,77.28,28.517391,28.521739,0.5,0.5,1,1,1,viirs_avg_rad_mean,positive,cell_04_05
EVT_202606_011,2026-06,1,False,77.2975,28.519565,77.295,77.3,28.517391,28.521739,0.5,0.5,1,0,1,ndvi_mean,negative,cell_04_09
EVT_202606_012,2026-06,1,False,77.3275,28.519565,77.325,77.33,28.517391,28.521739,0.5,0.5,1,1,0,ndvi_mean,negative,cell_04_15
EVT_202606_013,2026-06,1,False,77.2875,28.523913,77.285,77.29,28.521739,28.526087,0.5,0.5,1,1,1,viirs_avg_rad_mean,positive,cell_05_07
EVT_202606_014,2026-06,6,True,77.325,28.528261,77.315,77.335,28.521739,28.534783,0.625,0.75,6,5,0,ndvi_mean,negative,cell_05_14;cell_06_13;cell_06_14;cell_06_15;cell_06_16;cell_07_15
EVT_202606_015,2026-06,4,True,77.3475,28.530435,77.345,77.35,28.521739,28.53913,0.6875,0.75,4,4,0,ndwi_mean,negative,cell_05_19;cell_06_19;cell_07_19;cell_08_19
EVT_202606_016,2026-06,1,False,77.2525,28.528261,77.25,77.255,28.526087,28.530435,0.5,0.5,1,1,1,ndbi_mean,positive,cell_06_00
EVT_202606_017,2026-06,4,True,77.31,28.534783,77.305,77.315,28.530435,28.53913,0.5625,0.75,4,1,0,ndvi_mean,negative,cell_07_11;cell_07_12;cell_08_11;cell_08_12
EVT_202606_018,2026-06,1,False,77.3375,28.532609,77.335,77.34,28.530435,28.534783,0.5,0.5,1,1,0,ndbi_mean,negative,cell_07_17
EVT_202606_019,2026-06,1,False,77.2625,28.536957,77.26,77.265,28.534783,28.53913,0.5,0.5,1,0,1,ndvi_mean,negative,cell_08_02
EVT_202606_020,2026-06,1,False,77.2825,28.541304,77.28,77.285,28.53913,28.543478,0.5,0.5,1,1,1,viirs_avg_rad_mean,positive,cell_09_06
EVT_202606_021,2026-06,1,False,77.2975,28.541304,77.295,77.3,28.53913,28.543478,0.5,0.5,1,1,1,ndwi_mean,positive,cell_09_09
EVT_202606_022,2026-06,3,True,77.330833,28.544203,77.325,77.335,28.53913,28.547826,0.75,0.75,3,3,0,ndvi_mean,positive,cell_09_16;cell_10_15;cell_10_16
EVT_202606_023,2026-06,3,True,77.2525,28.55,77.25,77.255,28.543478,28.556522,0.5,0.5,3,3,3,viirs_avg_rad_mean,positive,cell_10_00;cell_11_00;cell_12_00
EVT_202606_024,2026-06,1,False,77.2875,28.545652,77.285,77.29,28.543478,28.547826,0.5,0.5,1,0,1,ndbi_mean,positive,cell_10_07
EVT_202606_025,2026-06,1,False,77.3025,28.545652,77.3,77.305,28.543478,28.547826,0.5,0.5,1,1,0,ndvi_mean,negative,cell_10_10
EVT_202606_026,2026-06,1,False,77.3125,28.545652,77.31,77.315,28.543478,28.547826,1.0,1.0,1,1,0,ndbi_mean,positive,cell_10_12
EVT_202606_027,2026-06,1,False,77.3475,28.545652,77.345,77.35,28.543478,28.547826,0.5,0.5,1,1,0,viirs_avg_rad_mean,positive,cell_10_19
EVT_202606_028,2026-06,2,True,77.2725,28.552174,77.27,77.275,28.547826,28.556522,0.5,0.5,2,2,2,ndbi_mean,positive,cell_11_04;cell_12_04
EVT_202606_029,2026-06,1,False,77.2825,28.55,77.28,77.285,28.547826,28.552174,0.5,0.5,1,0,1,ndwi_mean,negative,cell_11_06
EVT_202606_030,2026-06,1,False,77.3225,28.55,77.32,77.325,28.547826,28.552174,0.5,0.5,1,0,0,ndwi_mean,negative,cell_11_14
EVT_202606_031,2026-06,10,True,77.3365,28.556957,77.325,77.35,28.547826,28.565217,0.65,0.75,10,9,0,viirs_avg_rad_mean,positive,cell_11_18;cell_12_15;cell_12_17;cell_12_18;cell_12_19;cell_13_15;cell_13_16;cell_13_17;cell_14_16;cell_14_17
EVT_202606_032,2026-06,3,True,77.305833,28.555797,77.3,77.31,28.552174,28.56087,0.6667,0.75,3,1,0,ndbi_mean,positive,cell_12_10;cell_12_11;cell_13_11
EVT_202606_033,2026-06,1,False,77.3175,28.554348,77.315,77.32,28.552174,28.556522,0.5,0.5,1,0,0,ndvi_mean,negative,cell_12_13
EVT_202606_034,2026-06,2,True,77.2675,28.56087,77.265,77.27,28.556522,28.565217,0.5,0.5,2,2,2,ndwi_mean,negative,cell_13_03;cell_14_03
EVT_202606_035,2026-06,14,True,77.281786,28.572671,77.265,77.295,28.556522,28.586957,0.6071,1.0,14,10,14,ndvi_mean,negative,cell_13_08;cell_14_08;cell_15_06;cell_15_07;cell_15_08;cell_16_05;cell_16_06;cell_17_03;cell_17_04;cell_17_05;cell_17_06;cell_18_05;cell_18_06;cell_19_05
EVT_202606_036,2026-06,3,True,77.255833,28.564492,77.25,77.26,28.56087,28.569565,0.5,0.5,3,2,3,viirs_avg_rad_mean,positive,cell_14_00;cell_14_01;cell_15_01
EVT_202606_037,2026-06,1,False,77.2775,28.563043,77.275,77.28,28.56087,28.565217,0.5,0.5,1,1,1,viirs_avg_rad_mean,positive,cell_14_05
EVT_202606_038,2026-06,1,False,77.3025,28.563043,77.3,77.305,28.56087,28.565217,0.5,0.5,1,1,0,viirs_avg_rad_mean,positive,cell_14_10
EVT_202606_039,2026-06,1,False,77.3175,28.567391,77.315,77.32,28.565217,28.569565,0.5,0.5,1,1,0,viirs_avg_rad_mean,positive,cell_15_13
EVT_202606_040,2026-06,1,False,77.2975,28.571739,77.295,77.3,28.569565,28.573913,0.5,0.5,1,1,1,viirs_avg_rad_mean,negative,cell_16_09
EVT_202606_041,2026-06,10,True,77.3175,28.578696,77.305,77.33,28.569565,28.586957,0.65,0.75,10,7,0,ndwi_mean,positive,cell_16_12;cell_17_11;cell_17_12;cell_17_13;cell_17_14;cell_18_12;cell_18_13;cell_18_14;cell_19_14;cell_19_15
EVT_202606_042,2026-06,1,False,77.3325,28.571739,77.33,77.335,28.569565,28.573913,0.5,0.5,1,0,0,ndvi_mean,negative,cell_16_16
EVT_202606_043,2026-06,8,True,77.343125,28.583152,77.335,77.35,28.569565,28.595652,0.5312,0.75,8,1,0,ndvi_mean,negative,cell_16_19;cell_17_18;cell_17_19;cell_18_18;cell_19_18;cell_20_18;cell_21_17;cell_21_18
EVT_202606_044,2026-06,4,True,77.25625,28.583696,77.25,77.265,28.578261,28.586957,0.625,0.75,4,4,4,viirs_avg_rad_mean,positive,cell_18_00;cell_19_00;cell_19_01;cell_19_02
EVT_202606_045,2026-06,7,True,77.305357,28.588509,77.3,77.315,28.578261,28.595652,0.5714,0.75,7,5,0,viirs_avg_rad_mean,positive,cell_18_10;cell_19_10;cell_20_10;cell_20_11;cell_20_12;cell_21_10;cell_21_11
EVT_202606_046,2026-06,1,False,77.2875,28.584783,77.285,77.29,28.582609,28.586957,0.5,0.5,1,0,1,ndwi_mean,positive,cell_19_07
EVT_202606_047,2026-06,1,False,77.2875,28.593478,77.285,77.29,28.591304,28.595652,0.5,0.5,1,1,1,viirs_avg_rad_mean,positive,cell_21_07
EVT_202606_048,2026-06,1,False,77.3275,28.593478,77.325,77.33,28.591304,28.595652,0.5,0.5,1,0,0,ndwi_mean,positive,cell_21_15
EVT_202606_049,2026-06,1,False,77.2525,28.597826,77.25,77.255,28.595652,28.6,0.5,0.5,1,1,1,viirs_avg_rad_mean,positive,cell_22_00
EVT_202606_050,2026-06,3,True,77.2775,28.597826,77.27,77.285,28.595652,28.6,0.5,0.5,3,1,3,ndwi_mean,positive,cell_22_04;cell_22_05;cell_22_06
EVT_202606_051,2026-06,1,False,77.2925,28.597826,77.29,77.295,28.595652,28.6,0.5,0.5,1,1,1,ndbi_mean,positive,cell_22_08
EVT_202606_052,2026-06,1,False,77.3325,28.597826,77.33,77.335,28.595652,28.6,0.5,0.5,1,0,0,ndvi_mean,negative,cell_22_16
EVT_202606_053,2026-06,1,False,77.3475,28.597826,77.345,77.35,28.595652,28.6,0.5,0.5,1,0,0,ndwi_mean,positive,cell_22_19
